SampleID,SampleType,Study,A.clavatus,A.fumigatus,A.glaucus,A.heteromorphus,A.mulundensis,A.niger,A.novofumigatus,A.steynii,A.nidulans,A.terreus,A.pseudoglaucus,A.aculeatinus,A.awamori,A.welwitschiae,Aureobasidium.pullulans,Cercospora.beticola,Zasmidium.cellare,Acidomyces.richmondensis,Coniosporium.apollinis,Dothidotthia.symphoricarpi,Parastagonospora.nodorum,Pyrenophora.teres,Pyrenophora.tritici.repentis,Exophiala.xenobiotica,Penicillium.arizonense,Penicillium.digitatum,Byssochlamys.spectabilis,Talaromyces.pinophilus,Hyaloscypha.bicolor,Botrytis.cinerea,Candida.parapsilosis,Clavispora.lusitaniae,Kluyveromyces.marxianus,Trichoderma.asperellum,Trichoderma.atroviride,Phaeoacremonium.minimum,Taphrina.deformans,Agaricus.bisporus,Hebeloma.cylindrosporum,Tricholomella.constricta,Armillaria.ostoyae,Pleurotus.ostreatus,Schizophyllum.commune,Paxillus.involutus,Serpula.lacrymans,Gloeophyllum.trabeum,Neolentinus.lepideus,Postia.placenta,Grifola.frondosa,Phlebia.radiata,Fibroporia.radiculosa,Polyporus.grammocephalus,Trametes.hirsuta,Trametes.versicolor,Heterobasidion.irregulare,Stereum.hirsutum,Tilletiopsis.washingtonensis,Acaromyces.ingoldii,Pseudomicrostroma.glucosiphilum,Malassezia.globosa,Malassezia.restricta,Malassezia.sympodialis,Puccinia.triticina,Wallemia.mellicola,Rhizophagus.irregularis,Aureobasidium.namibiae,Candida.dubliniensis,Candida.orthopsilosis,Millerozyma.farinosa,Spathaspora.passalidarum,Cyberlindnera.jadinii,Dichomitus.squalens,Meira.miltonrushii,Coprinopsis.cinerea,Ganoderma.boninense,Kockovaella.imperatae,Lasiodiplodia.theobromae,Wolfiporia.cocos,Corynespora.cassiicola,Bipolaris.maydis,Bipolaris.oryzae,Bipolaris.sorokiniana,Penicillium.oxalicum,Pestalotiopsis.fici,Trichosporon.asahii,Pseudozyma.hubeiensis
HMSP1117,Indoor air,Singapore,0,0.1716574,0.2860957,0,0,0,0,0.3051688,0.2670227,0,0,0,0,0,0,0,0,0,0,0,0,0,0,0,0,0,0,0,0,0,0.00954,0,0,0,0.0381461,0,0,1.1920656,0,0,0,0,1.9931337,0,2.2696929,0,0,4.615678,6.5706656,0,0,0,0,5.8744993,0,0,0,0,0,0.4863628,3.1947358,0.4386801,0,0.1335113,0,0,0,0,0,0,0,61.5296586,0,4.6252146,5.9126454,0.0858287,0,0,0,0,0,0,0,0,0,0
HMSP1118,Outdoor air,Singapore,0,0.178763,0,0,0,0,0,0,0,0,0,0,0,0,0,0,0,0,0,0,0,0,0,0,0,0,0,0,0,0,0,0,0,0,0,0,0,1.1798355,0,0,0,0,1.93064,0,1.8948874,0,0,4.6031462,5.9885592,0,0,0,0,5.2109403,0,0,0,0,0,0.3575259,2.7529496,0,0,0.2860207,0,0,0,0.00894,0,0,0,55.7204147,0,5.1036825,5.255631,0,0.178763,9.3493028,0,0,0,0,0,0,0,0
HMSP1171,Indoor air,Singapore,0,0.3894472,2.7763819,0,0,0,0,1.3190955,0.3643216,0,0,0,0,0,0,0,0,0,0,0,0,0,0,0,0,0,0,0,0,0,0.1005025,0,0,0,0.1633166,0,0,1.7839196,0,0,0,0,42.4874372,0,2.8517588,0,0,3.8819095,6.4572864,0,0,0,0,3.3542714,0,0,0,0,0,0.7160804,3.3417085,0.540201,0,0.1633166,0,0,0,0,0,0,0,23.0527638,0,1.6959799,3.0653266,1.4949749,0,0,0,0,0,0,0,0,0,0
HMSP1172,Outdoor air,Singapore,0,0.1280592,0,0,0,0,0,0,0,0,0,0,0,0,0,0,0,0,0,0,0,0,0,0,0,0,0,0,0,0,0,0,0,0,0,0,0,1.9778031,0,0,0,0,45.3898691,0,3.2299374,0,0,4.6101309,6.801366,0,0,0,0,3.7990894,0,0,0,0,0,0.2276608,0.7398976,0,0,0.213432,0,0,0,0.0426864,0,0,0,23.7763233,0,1.6363119,3.1018782,0,0.3841776,3.9413773,0,0,0,0,0,0,0,0
HMSP1173,Surfaces,Singapore,1.039783,0.5877034,3.5262206,0.6781193,0,0.5877034,0,2.034358,1.1754069,0,0.7685353,0.3164557,0.1808318,0.0904159,0,0,0,0,0,0,0,0,0,0,0,0,0,0,0,0,1.7631103,0,0,0,0,0,0,0,0,0,0,0,11.1663653,0,0,0,0,1.3562387,1.7179024,0,0,0,0,1.3110307,0,0,0,0.7685353,1.039783,5.5605787,22.965642,3.3001808,0,0,0,0,0,0.4520796,0,0,0,9.9005425,0,2.9837251,1.8535262,0,2.6220615,1.1301989,3.5714286,1.8083183,1.039783,1.9439421,1.2658228,8.1826401,0.7685353,0.5424955
HMSP1181,Indoor air,Singapore,0,0.2160904,0.1496011,0,0,0,0,0.1496011,0.2327128,0,0,0,0,0,0,0,0,0,0,0,0,0,0,0,0,0,0,0,0,0,0.0332447,0,0,0,0.049867,0,0,3.3743351,0,0,0,0,38.1150266,0,4.1888298,0,0,6.6988032,8.1948138,0,0,0,0,4.5046543,0,0,0,0,0,0.4820479,0.6482713,0.8144947,0,0.2327128,0,0,0,0,0,0,0,20.8111702,0,6.0172872,4.6542553,0.4321809,0,0,0,0,0,0,0,0,0,0
HMSP1182,Outdoor air,Singapore,0,0.1181634,0,0,0,0,0,0,0,0,0,0,0,0,0,0,0,0,0,0,0,0,0,0,0,0,0,0,0,0,0,0,0,0,0,0,0,3.1060095,0,0,0,0,37.4746793,0,4.1019581,0,0,5.8575287,8.7947333,0,0,0,0,4.2876435,0,0,0,0,0,0.5401756,1.0297097,0,0,0.3713707,0,0,0,0.0168805,0,0,0,20.6617151,0,5.452397,3.5955436,0,0.4220122,4.1694801,0,0,0,0,0,0,0,0
HMSP1196,Indoor air,Singapore,0,0.1214575,0.2699055,0,0,0,0,0.3373819,0.1079622,0,0,0,0,0,0,0,0,0,0,0,0,0,0,0,0,0,0,0,0,0,0.0134953,0,0,0,0.148448,0,0,2.4966262,0,0,0,0,49.4601889,0,3.7246964,0,0,6.5182186,8.5155196,0,0,0,0,4.0890688,0,0,0,0,0,0.2024291,0.634278,0.2699055,0,0.2564103,0,0,0,0,0,0,0,15.3441296,0,2.8205128,3.3873144,1.2820513,0,0,0,0,0,0,0,0,0,0
HMSP1197,Outdoor air,Singapore,0,0.0258331,0,0,0,0,0,0,0,0,0,0,0,0,0,0,0,0,0,0,0,0,0,0,0,0,0,0,0,0,0,0,0,0,0,0,0,2.2991475,0,0,0,0,47.7783518,0,3.8103849,0,0,5.8770344,8.0340997,0,0,0,0,3.9266339,0,0,0,0,0,0.1033325,0.1937484,0,0,0.1808318,0,0,0,0,0,0,0,15.9132007,0,3.8103849,4.1203823,0,0.1937484,3.7328856,0,0,0,0,0,0,0,0
HMSP1198,Surfaces,Singapore,3.2887402,0.8361204,15.2173913,1.9509476,0,1.1148272,0,5.4069119,2.006689,0,1.393534,0.1114827,0.1672241,0.0557414,0,0,0,0,0,0,0,0,0,0,0,0,0,0,0,0,0,0,0,0,0,0,0,0,0,0,0,0,9.2530658,0,0,0,0,1.6722408,2.5641026,0,0,0,0,1.3377926,0,0,0,0.2787068,1.1148272,8.9186176,20.9587514,3.3444816,0,0,0,0,0,0.6688963,0,0,0,4.5150502,0,5.0724638,2.4526198,0,0.8918618,0.6688963,1.7837235,0.0557414,0.5016722,0.3344482,0.7246377,1.2263099,0.0557414,0.0557414
HMSP1201,Indoor air,Singapore,0,0.135158,0.3210002,0,0,0,0,0.2365264,0.135158,0,0,0,0,0,0,0,0,0,0,0,0,0,0,0,0,0,0,0,0,0,0.2703159,0,0,0,0.2196317,0,0,3.6661598,0,0,0,0,9.4948471,0,4.8318973,0,0,6.3524244,8.1432674,0,0,0,0,5.1360027,0,0,0,0,0,1.0474742,2.7200541,5.0008447,0,0.3885792,0,0,0,0,0,0,0,43.520865,0,2.3821591,5.7442135,0.2534212,0,0,0,0,0,0,0,0,0,0
HMSP1202,Outdoor air,Singapore,0,0.1026167,0,0,0,0,0,0,0,0,0,0,0,0,0,0,0,0,0,0,0,0,0,0,0,0,0,0,0,0,0,0,0,0,0,0,0,4.3441081,0,0,0,0,10.398495,0,4.8400889,0,0,6.4135454,9.1499914,0,0,0,0,5.0282196,0,0,0,0,0,1.693176,3.0100906,0,0,0.4104669,0,0,0,0.0684112,0,0,0,40.8927655,0,2.9587823,5.9688729,0,0.239439,4.4809304,0,0,0,0,0,0,0,0
HMSP1203,Surfaces,Singapore,0.123885,0.4707631,0.4707631,0.3221011,0,0.4955401,0,0.3716551,0.2477701,0,0.123885,0.3221011,0.2229931,0.2477701,0,0,0,0,0,0,0,0,0,0,0,0,0,0,0,0,0.4212091,0,0,0,0,0,0,0,0,0,0,0,34.0931615,0,0,0,0,3.9643211,4.7571853,0,0,0,0,2.7750248,0,0,0,0.2725471,0.8671952,2.6759167,7.8295342,5.2031715,0,0,0,0,0,0.3221011,0,0,0,14.271556,0,4.1377602,3.444004,0,0.7928642,2.3538157,2.0317146,0.4212091,0.4955401,0.5698712,0.6937562,3.518335,0.3964321,0.2725471
HMSP1211,Indoor air,Singapore,0,0.4267425,0.56899,0,0,0,0,0,0.1422475,0,0,0,0,0,0,0,0,0,0,0,0,0,0,0,0,0,0,0,0,0,0.284495,0,0,0,0.4267425,0,0,0.8534851,0,0,0,0,0.9957326,0,0.4267425,0,0,0.284495,1.7069701,0,0,0,0,2.5604552,0,0,0,0,0,23.8975818,61.8776671,1.7069701,0,1.1379801,0,0,0,0,0,0,0,1.9914651,0,0,0.284495,0.4267425,0,0,0,0,0,0,0,0,0,0
HMSP1212,Outdoor air,Singapore,0,0.4208754,0,0,0,0,0,0,0,0,0,0,0,0,0,0,0,0,0,0,0,0,0,0,0,0,0,0,0,0,0,0,0,0,0,0,0,2.5589226,0,0,0,0,21.1784512,0,5.1851852,0,0,6.6329966,8.4680135,0,0,0,0,6.5488215,0,0,0,0,0,0.4040404,2.2558923,0,0,0.1010101,0,0,0,0,0,0,0,32.0875421,0,3.3164983,5.8585859,0,0.2861953,4.6969697,0,0,0,0,0,0,0,0
HMSP1213,Surfaces,Singapore,1.2716175,0.5425568,5.5442523,0.8986097,0,0.4916921,0,2.3906409,0.6951509,0,1.0512038,0.0508647,0.1017294,0.1525941,0,0,0,0,0,0,0,0,0,0,0,0,0,0,0,0,0.1017294,0,0,0,0,0,0,0,0,0,0,0,13.6147847,0,0,0,0,3.8657172,6.3072228,0,0,0,0,3.3401153,0,0,0,0.5764666,0.8816548,3.8487623,19.3964056,3.051882,0,0,0,0,0,0.0339098,0,0,0,16.8023059,0,4.1030858,3.3062055,0,0.3560529,2.6619193,0.9155646,0.1186843,0.0678196,0.2034588,0.6103764,2.2380468,0.169549,0.2373686
HMSP1216,Indoor air,Singapore,0,0.0969932,0.756547,0,0,0,0,0.5237633,0.2521823,0,0,0,0,0,0,0,0,0,0,0,0,0,0,0,0,0,0,0,0,0,0.0581959,0,0,0,0.1163919,0,0,4.1901067,0,0,0,0,3.2395732,0,11.9689622,0,0,8.399612,13.1522793,0,0,0,0,6.3821532,0,0,0,0,0,0.2133851,1.1057226,0.4267701,0,0.2521823,0,0,0,0,0,0,0,37.8467507,0,3.6275461,6.5955383,0.7953443,0,0,0,0,0,0,0,0,0,0
HMSP1217,Outdoor air,Singapore,0,0.1513145,0,0,0,0,0,0,0,0,0,0,0,0,0,0,0,0,0,0,0,0,0,0,0,0,0,0,0,0,0,0,0,0,0,0,0,4.104407,0,0,0,0,3.5558918,0,14.14791,0,0,6.3173823,10.1948175,0,0,0,0,6.6956686,0,0,0,0,0,0.1891432,1.1159448,0,0,0.1891432,0,0,0,0.0378286,0,0,0,37.336864,0,3.4991489,7.4144127,0,0.1891432,4.8609798,0,0,0,0,0,0,0,0
HMSP1226,Indoor air,Singapore,0,0.2683843,2.7777778,0,0,0,0,1.4090177,0.4562534,0,0,0,0,0,0,0,0,0,0,0,0,0,0,0,0,0,0,0,0,0,0.805153,0,0,0,0.0268384,0,0,1.180891,0,0,0,0,21.9135802,0,2.0799785,0,0,3.972088,4.7369834,0,0,0,0,3.9184112,0,0,0,0,0,5.2871712,18.6392915,8.185722,0,0.1207729,0,0,0,0,0,0,0,19.3907676,0,1.4224369,3.0595813,0.3488996,0,0,0,0,0,0,0,0,0,0
HMSP1227,Outdoor air,Singapore,0,0.2332602,0,0,0,0,0,0,0,0,0,0,0,0,0,0,0,0,0,0,0,0,0,0,0,0,0,0,0,0,0,0,0,0,0,0,0,1.5230516,0,0,0,0,26.5642151,0,2.6756312,0,0,4.6377607,7.1350165,0,0,0,0,4.9121844,0,0,0,0,0,2.3874863,5.2277717,0,0,0.3018661,0,0,0,0.1234907,0,0,0,30.6119649,0,1.9346872,5.32382,0,0.1783754,6.2294182,0,0,0,0,0,0,0,0
HMSP1228,Surfaces,Singapore,0.9633911,0.4816956,2.6974952,0.9152216,0,0.5780347,0,1.5895954,0.4816956,0,0.6743738,0.1926782,0.0963391,0.0963391,0,0,0,0,0,0,0,0,0,0,0,0,0,0,0,0,1.4450867,0,0,0,0,0,0,0,0,0,0,0,9.2967245,0,0,0,0,2.6974952,3.9017341,0,0,0,0,2.6011561,0,0,0,0.6743738,1.5895954,7.3699422,22.7842004,7.9961464,0,0,0,0,0,0.3853565,0,0,0,14.5953757,0,1.7822736,3.3236994,0,0.867052,2.0231214,1.3969171,0.433526,0.2408478,0.6262042,1.2042389,3.1310212,0.5298651,0.3371869
HMSP1276,Indoor air,Singapore,0,0.0316106,0,0,0,0,0,0.1422475,0.0790264,0,0,0,0,0,0,0,0,0,0,0,0,0,0,0,0,0,0,0,0,0,0.0632211,0,0,0,0.0948317,0,0,2.9555872,0,0,0,0,22.66477,0,4.6941679,0,0,6.5433855,9.7676624,0,0,0,0,5.721511,0,0,0,0,0,0.0790264,0.0316106,0.110637,0,0.0632211,0,0,0,0,0,0,0,39.9399399,0,2.5446499,4.1567884,0.3161056,0,0,0,0,0,0,0,0,0,0
HMSP1277,Outdoor air,Singapore,0,0.0425532,0,0,0,0,0,0,0,0,0,0,0,0,0,0,0,0,0,0,0,0,0,0,0,0,0,0,0,0,0,0,0,0,0,0,0,3.4468085,0,0,0,0,21.5602837,0,3.6312057,0,0,7.5460993,8.3404255,0,0,0,0,4.8510638,0,0,0,0,0,0.1276596,0.0425532,0,0,0.1985816,0,0,0,0.0141844,0,0,0,39.8297872,0,2.3404255,3.8014184,0,0.1843972,4.0425532,0,0,0,0,0,0,0,0
HMSP1278,Surfaces,Singapore,0.5593804,1.1187608,0.4733219,1.0327022,0,0.3012048,0,4.1738382,1.1187608,0,0.0860585,0.2151463,0.0860585,0.172117,0,0,0,0,0,0,0,0,0,0,0,0,0,0,0,0,0,0,0,0,0,0,0,0,0,0,0,0,7.7022375,0,0,0,0,5.2065404,5.2065404,0,0,0,0,3.2702238,0,0,0,0.3442341,0.4733219,1.16179,5.3356282,0.7314974,0,0,0,0,0,0.0430293,0,0,0,39.8881239,0,1.8932874,4.6901893,0,1.2478485,3.0550775,2.1944923,0.7314974,0.4302926,0.4733219,0.7745267,5.1635112,0.5163511,0.1290878
HMSP1346,Indoor air,Singapore,0,0.1031637,0.6361761,0,0,0,0,0.3954608,0.1547455,0,0,0,0,0,0,0,0,0,0,0,0,0,0,0,0,0,0,0,0,0,0.0687758,0,0,0,0.0859697,0,0,3.2152682,0,0,0,0,3.3528198,0,5.0722146,0,0,9.1815681,13.5832187,0,0,0,0,7.5309491,0,0,0,0,0,1.4958735,2.4759285,0.3094911,0,0.1719395,0,0,0,0,0,0,0,42.8129298,0,2.8370014,6.1726272,0.343879,0,0,0,0,0,0,0,0,0,0
HMSP1347,Outdoor air,Singapore,0,0.0147124,0,0,0,0,0,0,0,0,0,0,0,0,0,0,0,0,0,0,0,0,0,0,0,0,0,0,0,0,0,0,0,0,0,0,0,3.0454612,0,0,0,0,3.1043107,0,4.8845079,0,0,7.8269825,11.8728851,0,0,0,0,7.5033103,0,0,0,0,0,0.0735619,0.0588495,0,0,0.0735619,0,0,0,0.0147124,0,0,0,42.1950861,0,2.8542004,7.4738855,0,0.1029866,8.9009857,0,0,0,0,0,0,0,0
HMSP1348,Surfaces,Singapore,0.3079807,0.2544189,1.0042849,0.57579,0,0.0669523,0,1.0846277,0.401714,0,0.1606856,0.0937333,0.0133905,0.0133905,0,0,0,0,0,0,0,0,0,0,0,0,0,0,0,0,0.0133905,0,0,0,0,0,0,0,0,0,0,0,0.9641136,0,0,0,0,0.6293519,0.8703803,0,0,0,0,0.3615426,0,0,0,71.2506695,8.7841457,1.5666845,1.9282271,1.0310659,0,0,0,0,0,0,0,0,0,2.6513123,0,0.4284949,0.5623996,0,0.9239422,0.2945903,0.9373326,0.1205142,0.1472951,0.1205142,0.2410284,0.3347616,0.3079807,1.5532941
HMSP1368,Indoor air,Singapore,0,0.2604543,0.2459847,0,0,0,0,0.781363,0.2893937,0,0,0,0,0,0,0,0,0,0,0,0,0,0,0,0,0,0,0,0,0,0.0723484,0,0,0,0.0868181,0,0,1.6061351,0,0,0,0,3.1254522,0,2.7492403,0,0,6.1062075,9.2027203,0,0,0,0,5.7444653,0,0,0,0,0,1.2009839,5.7010563,0.2459847,0,0.3328028,0,0,0,0,0,0,0,42.6421647,0,10.9101432,8.0017364,0.6945449,0,0,0,0,0,0,0,0,0,0
HMSP1369,Outdoor air,Singapore,0,0.1693958,0,0,0,0,0,0,0,0,0,0,0,0,0,0,0,0,0,0,0,0,0,0,0,0,0,0,0,0,0,0,0,0,0,0,0,1.7645398,0,0,0,0,3.3738001,0,2.4421231,0,0,6.1264822,8.51214,0,0,0,0,6.4793902,0,0,0,0,0,0.352908,1.3692829,0,0,0.2682101,0,0,0,0.0282326,0,0,0,43.2241671,0,9.4155844,7.8063241,0,0.2258611,8.4415584,0,0,0,0,0,0,0,0
HMSP1370,Surfaces,Singapore,0.2218771,0.377191,0.2440648,0.4215665,0,0.7765698,0,0.3550033,0.4215665,0,0.0887508,0.1996894,0.2218771,0.2440648,0,0,0,0,0,0,0,0,0,0,0,0,0,0,0,0,0.1996894,0,0,0,0,0,0,0,0,0,0,0,13.3348125,0,0,0,0,4.8591081,7.5438207,0,0,0,0,5.5913024,0,0,0,0.3106279,0.6878189,2.2853339,12.7357444,0.3993787,0,0,0,0,0,0.0665631,0,0,0,26.3146217,0,5.4138008,5.546927,0,0.3993787,5.546927,1.1759485,0.3550033,0.2662525,0.3550033,0.7100067,1.6862658,0.5103173,0.1331262
HMSP1373,Indoor air,Singapore,0,0.149447,0.0398525,0,0,0,0,0.0996314,0.1394839,0,0,0,0,0,0,0,0,0,0,0,0,0,0,0,0,0,0,0,0,0,0.00996,0,0,0,0.0199263,0,0,1.4745442,0,0,0,0,34.0639633,0,2.5804523,0,0,5.6690246,6.57567,0,0,0,0,5.5096144,0,0,0,0,0,0.1095945,0.1992627,0.0498157,0,0.1095945,0,0,0,0,0,0,0,36.1861114,0,1.9029591,4.7324898,0.3785992,0,0,0,0,0,0,0,0,0,0
HMSP1374,Outdoor air,Singapore,0,0.1587302,0,0,0,0,0,0,0,0,0,0,0,0,0,0,0,0,0,0,0,0,0,0,0,0,0,0,0,0,0,0,0,0,0,0,0,1.6170635,0,0,0,0,33.1150794,0,2.7480159,0,0,5.218254,6.8253968,0,0,0,0,5.2083333,0,0,0,0,0,0.218254,0.5654762,0,0,0.109127,0,0,0,0,0,0,0,33.6805556,0,1.4583333,4.2361111,0,0.0595238,4.781746,0,0,0,0,0,0,0,0
HMSP1375,Surfaces,Singapore,0.0208333,0,0.2291667,0.0208333,0,0.0208333,0,0.1041667,0,0,0.0208333,0,0,0,0,0,0,0,0,0,0,0,0,0,0,0,0,0,0,0,0.125,0,0,0,0,0,0,0,0,0,0,0,0.2291667,0,0,0,0,0.1041667,0.0833333,0,0,0,0,0.0625,0,0,0,0.2916667,0.1041667,3.6041667,94.0416667,0.5625,0,0,0,0,0,0,0,0,0,0.1041667,0,0,0,0,0,0.0208333,0.0208333,0,0,0.0208333,0.1041667,0.0416667,0.0416667,0.0208333
HMSP1382,Indoor air,Singapore,0,0,0.4989309,0,0,0,0,0.85531,0.2851033,0,0,0,0,0,0,0,0,0,0,0,0,0,0,0,0,0,0,0,0,0,0.1425517,0,0,0,0.427655,0,0,1.8531718,0,0,0,0,1.4255167,0,1.7106201,0,0,4.0627227,5.702067,0,0,0,0,3.2786885,0,0,0,0,0,12.3307199,29.6507484,2.5659301,0,0.0712758,0,0,0,0,0,0,0,27.2273699,0,1.8531718,4.4903778,1.5680684,0,0,0,0,0,0,0,0,0,0
HMSP1383,Outdoor air,Singapore,0,0.3670337,0,0,0,0,0,0,0,0,0,0,0,0,0,0,0,0,0,0,0,0,0,0,0,0,0,0,0,0,0,0,0,0,0,0,0,2.335669,0,0,0,0,2.6359693,0,4.1041041,0,0,5.9726393,6.7734401,0,0,0,0,5.2052052,0,0,0,0,0,1.5682349,1.7350684,0,0,0.8008008,0,0,0,0.1334668,0,0,0,44.2108775,0,6.6066066,8.9089089,0,0.5338672,8.1081081,0,0,0,0,0,0,0,0
HMSP1384,Surfaces,Singapore,0.2012072,0.6036217,0.3018109,0.9054326,0,0.2012072,0,1.9114688,0.5030181,0,0,0.2012072,0.2012072,0.2012072,0,0,0,0,0,0,0,0,0,0,0,0,0,0,0,0,1.1066398,0,0,0,0,0,0,0,0,0,0,0,4.3259557,0,0,0,0,1.0060362,1.8108652,0,0,0,0,0.7042254,0,0,0,3.2193159,4.0241449,14.7887324,39.0342052,3.2193159,0,0,0,0,0,0.4024145,0,0,0,5.0301811,0,0.6036217,1.7102616,0,1.5090543,1.3078471,1.6096579,1.3078471,1.8108652,1.3078471,0.7042254,1.7102616,1.7102616,0.804829
HMSP1424,Indoor air,Singapore,0,0.4377358,0.2867925,0,0,0,0,0.1660377,0.1509434,0,0,0,0,0,0,0,0,0,0,0,0,0,0,0,0,0,0,0,0,0,0.0301887,0,0,0,0.045283,0,0,1.5396226,0,0,0,0,43.2754717,0,2.490566,0,0,5.6150943,6.9735849,0,0,0,0,5.6,0,0,0,0,0,1.1773585,1.1018868,0.4528302,0,0.3320755,0,0,0,0,0,0,0,24.0754717,0,1.4943396,2.8981132,1.8566038,0,0,0,0,0,0,0,0,0,0
HMSP1425,Outdoor air,Singapore,0,0.469697,0,0,0,0,0,0,0,0,0,0,0,0,0,0,0,0,0,0,0,0,0,0,0,0,0,0,0,0,0,0,0,0,0,0,0,1.7727273,0,0,0,0,44.4848485,0,2.4090909,0,0,5.3636364,6.5757576,0,0,0,0,6.2424242,0,0,0,0,0,0.3181818,0.1363636,0,0,0.2575758,0,0,0,0.0151515,0,0,0,21.969697,0,1.4242424,3.6969697,0,0.2575758,4.6060606,0,0,0,0,0,0,0,0
HMSP1436,Indoor air,Singapore,0,0.9341355,0.6333122,0,0,0,0,0.6016466,0.3483217,0,0,0,0,0,0,0,0,0,0,0,0,0,0,0,0,0,0,0,0,0,0.1108296,0,0,0,0.0949968,0,0,1.9949335,0,0,0,0,31.8081064,0,2.3907536,0,0,4.7340089,5.69981,0,0,0,0,4.1481951,0,0,0,0,0,4.8448385,3.419886,0.6333122,0,0.4433186,0,0,0,0,0,0,0,29.2748575,0,4.1165294,3.1507283,0.6174794,0,0,0,0,0,0,0,0,0,0
HMSP1437,Outdoor air,Singapore,0,0.8275319,0,0,0,0,0,0,0,0,0,0,0,0,0,0,0,0,0,0,0,0,0,0,0,0,0,0,0,0,0,0,0,0,0,0,0,1.7207408,0,0,0,0,37.5410482,0,2.2461579,0,0,4.4003678,6.1473795,0,0,0,0,3.7961382,0,0,0,0,0,4.5185866,3.3363983,0,0,0.3940628,0,0,0,0.1970314,0,0,0,25.6666229,0,2.4825956,2.7978458,0,0.5779588,3.3495337,0,0,0,0,0,0,0,0
HMSP1438,Surfaces,Singapore,0.2977554,1.053596,1.4658727,0.6871278,0,44.7549244,0,0.618415,0.3435639,0,0.4351809,0.2519469,4.1914796,4.4205222,0,0,0,0,0,0,0,0,0,0,0,0,0,0,0,0,0.5038937,0,0,0,0,0,0,0,0,0,0,0,1.9926706,0,0,0,0,0.1603298,0.3664682,0,0,0,0,0.2290426,0,0,0,0.1374256,0.0687128,17.6362803,11.4750344,2.0842877,0,0,0,0,0,0.3206596,0,0,0,0.6871278,0,0.2748511,0.1832341,0,2.2675218,0.2748511,0.3206596,0.3664682,0.2977554,0.1832341,1.053596,0.2519469,0.2061383,0.1374256
HMSP1441,Indoor air,Singapore,0,0.2384738,0.0695548,0,0,0,0,0.3676471,0.1987281,0,0,0,0,0,0,0,0,0,0,0,0,0,0,0,0,0,0,0,0,0,0.00994,0,0,0,0.1192369,0,0,2.0071542,0,0,0,0,56.7170111,0,2.0667727,0,0,3.7658983,4.6403021,0,0,0,0,2.8219396,0,0,0,0,0,0.1291733,0.1490461,0.0298092,0,0.1192369,0,0,0,0,0,0,0,20.0715421,0,3.8453895,2.4244833,0.2086645,0,0,0,0,0,0,0,0,0,0
HMSP1442,Outdoor air,Singapore,0,0.2323232,0,0,0,0,0,0,0,0,0,0,0,0,0,0,0,0,0,0,0,0,0,0,0,0,0,0,0,0,0,0,0,0,0,0,0,3.6060606,0,0,0,0,52.4444444,0,2.1515152,0,0,3.4343434,4.1818182,0,0,0,0,2.4949495,0,0,0,0,0,0.0606061,0.1010101,0,0,0.1616162,0,0,0,0.010101,0,0,0,20.5959596,0,5.3636364,2.4848485,0,0.3131313,2.3636364,0,0,0,0,0,0,0,0
HMSP1443,Surfaces,Singapore,6.9798937,2.3648297,32.7221586,4.0525055,0,0.8438379,0,11.1574122,4.0004167,0,9.990624,0.2916971,0.3958746,0.1145953,0,0,0,0,0,0,0,0,0,0,0,0,0,0,0,0,0,0,0,0,0,0,0,0,0,0,0,0,11.9595791,0,0,0,0,0.8230024,1.2084592,0,0,0,0,0.7188249,0,0,0,0.0208355,0.1771018,0.4271278,0.7396604,0.125013,0,0,0,0,0,0.0208355,0,0,0,4.5108866,0,1.0209397,0.5729764,0,0.3542036,0.5104698,0.7500781,0.1458485,0.0625065,0.0520888,1.34389,1.468903,0.0625065,0.0104178
HMSP1501,Indoor air,Singapore,0,0.1913091,0.9292156,0,0,0,0,0.3279585,0.1366494,0,0,0,0,0,0,0,0,0,0,0,0,0,0,0,0,0,0,0,0,0,1.7217819,0,0,0,0.0819896,0,0,2.5143482,0,0,0,0,4.26346,0,4.3181197,0,0,8.8548784,12.3804318,0,0,0,0,7.1877562,0,0,0,0,0,10.1120525,6.6958185,1.2298442,0,0.6832468,0,0,0,0,0,0,0,30.8280951,0,2.3230391,4.4274392,0.7925663,0,0,0,0,0,0,0,0,0,0
HMSP1502,Outdoor air,Singapore,0,0.2746567,0,0,0,0,0,0,0,0,0,0,0,0,0,0,0,0,0,0,0,0,0,0,0,0,0,0,0,0,0,0,0,0,0,0,0,2.7965044,0,0,0,0,5.0686642,0,4.9937578,0,0,8.8888889,13.5081149,0,0,0,0,8.0649189,0,0,0,0,0,0.82397,0.9238452,0,0,4.019975,0,0,0,0,0,0,0,34.3570537,0,2.9712859,6.7166042,0,0.1997503,6.39201,0,0,0,0,0,0,0,0
HMSP1503,Surfaces,Singapore,0.4548039,0.5116543,1.1938601,0.7390563,0,0.1421262,0,1.3359864,0.3979534,0,0.3411029,0.1989767,0.0852757,0.0568505,0,0,0,0,0,0,0,0,0,0,0,0,0,0,0,0,0.6537806,0,0,0,0,0,0,0,0,0,0,0,8.4422968,0,0,0,0,1.5918135,1.7339397,0,0,0,0,1.4212621,0,0,0,7.7032405,12.7345082,22.3706652,16.6856168,3.3257533,0,0,0,0,0,0,0,0,0,7.9022172,0,1.4496873,1.6202388,0,1.6202388,1.0801592,1.534963,0.0852757,0.2558272,0.3126777,0.3126777,0.8527572,0.4832291,0.3695281
HMSP1506,Indoor air,Singapore,0,0.9731753,0.5364941,0,0,0,0,0.7236432,0.411728,0,0,0,0,0,0,0,0,0,0,0,0,0,0,0,0,0,0,0,0,0,0.0998129,0,0,0,0.1746725,0,0,1.4722396,0,0,0,0,68.6462882,0,1.4223331,0,0,2.1834061,2.7448534,0,0,0,0,1.6344354,0,0,0,0,0,0.2245789,0.3368684,0.1247661,0,0.2245789,0,0,0,0,0,0,0,15.1466001,0,1.0106051,1.6718653,0.2370555,0,0,0,0,0,0,0,0,0,0
HMSP1507,Outdoor air,Singapore,0,1.2098456,0,0,0,0,0,0,0,0,0,0,0,0,0,0,0,0,0,0,0,0,0,0,0,0,0,0,0,0,0,0,0,0,0,0,0,1.3767209,0,0,0,0,71.0749548,0,1.6409401,0,0,1.738284,2.7395355,0,0,0,0,1.8078153,0,0,0,0,0,0.2920317,1.1959394,0,0,0.4032819,0,0,0,0.1390627,0,0,0,12.3209568,0,0.7787512,1.3210958,0,0.5423446,1.4184397,0,0,0,0,0,0,0,0
HMSP1508,Surfaces,Singapore,0.2168257,0.7372073,0.2168257,0.2601908,0,0.6938422,0,0.3902862,0.1734605,0,0.1734605,0.5637467,0.0867303,0.2601908,0,0,0,0,0,0,0,0,0,0,0,0,0,0,0,0,0.2168257,0,0,0,0,0,0,0,0,0,0,0,26.8430182,0,0,0,0,1.5611448,1.9947962,0,0,0,0,1.8647008,0,0,0,0.6071119,0.650477,3.555941,7.2419775,2.5151778,0,0,0,0,0,0.0433651,0,0,0,16.2619254,0,2.254987,1.7346054,0,4.6834345,1.0407632,3.1656548,2.5151778,1.1708586,1.5177797,2.5151778,11.3183001,0.6071119,0.3469211
HMSP1511,Indoor air,Singapore,0,0.128641,0.2480934,0,0,0,0,0.514564,0.1929615,0,0,0,0,0,0,0,0,0,0,0,0,0,0,0,0,0,0,0,0,0,0.00919,0,0,0,0.1470183,0,0,1.0475053,0,0,0,0,73.7021042,0,1.1945236,0,0,1.3691078,2.0031241,0,0,0,0,1.1393917,0,0,0,0,0,2.1777084,3.0414408,1.1393917,0,0.0918864,0,0,0,0,0,0,0,10.2177708,0,0.4134889,1.0107507,0.2113388,0,0,0,0,0,0,0,0,0,0
HMSP1512,Outdoor air,Singapore,0,0.32695,0,0,0,0,0,0,0,0,0,0,0,0,0,0,0,0,0,0,0,0,0,0,0,0,0,0,0,0,0,0,0,0,0,0,0,0.6539,0,0,0,0,50.9574965,0,0.5604858,0,0,1.5413358,1.3078001,0,0,0,0,1.588043,0,0,0,0,0,13.2181224,21.0649229,0,0,0.0934143,0,0,0,0,0,0,0,4.5305932,0,0.4203643,1.4012144,0,1.5413358,0.7940215,0,0,0,0,0,0,0,0
HMSP1513,Surfaces,Singapore,0.1690227,0.2458513,0.568531,0.2919484,0,0.3841426,0,0.4609711,0.2765827,0,0.1229256,0.0614628,0.1229256,0.0153657,0,0,0,0,0,0,0,0,0,0,0,0,0,0,0,0,0.0460971,0,0,0,0,0,0,0,0,0,0,0,10.064536,0,0,0,0,0.9373079,1.4136447,0,0,0,0,0.9987707,0,0,0,0.5070682,0.6146281,16.6564229,38.5525507,3.8567916,0,0,0,0,0,0,0,0,0,6.7455439,0,2.7043639,1.1216964,0,1.8592502,0.5838967,1.7824216,1.4751076,0.7529195,0.9373079,0.1843884,5.0092194,0.1843884,0.2919484
HMSP1520,Indoor air,Singapore,0,0.1476907,0.0537057,0,0,0,0,0.1745435,0.0537057,0,0,0,0,0,0,0,0,0,0,0,0,0,0,0,0,0,0,0,0,0,0.0134264,0,0,0,0.0805585,0,0,2.4301826,0,0,0,0,33.7540279,0,3.9070892,0,0,6.9280344,8.7943072,0,0,0,0,4.8737916,0,0,0,0,0,0.1745435,0.1879699,0.1879699,0,0.1342642,0,0,0,0,0,0,0,28.6654135,0,4.027927,4.632116,0.7787325,0,0,0,0,0,0,0,0,0,0
HMSP1521,Outdoor air,Singapore,0,0.0921538,0,0,0,0,0,0,0,0,0,0,0,0,0,0,0,0,0,0,0,0,0,0,0,0,0,0,0,0,0,0,0,0,0,0,0,2.5803054,0,0,0,0,33.1621906,0,4.107425,0,0,6.0294892,8.1490258,0,0,0,0,4.1600843,0,0,0,0,0,0.1053186,0.0526593,0,0,0.1448131,0,0,0,0,0,0,0,27.1195366,0,3.7914692,4.9499737,0,0.1711427,5.3844128,0,0,0,0,0,0,0,0
HMSP1522,Surfaces,Singapore,8.6363636,4.6212121,4.9242424,9.6969697,0,0.9848485,0,16.3636364,7.0454545,0,2.3484848,0.8333333,0.6060606,0.2272727,0,0,0,0,0,0,0,0,0,0,0,0,0,0,0,0,0,0,0,0,0,0,0,0,0,0,0,0,3.1060606,0,0,0,0,0.7575758,2.1969697,0,0,0,0,1.0606061,0,0,0,0.7575758,0.6818182,3.1818182,4.0151515,1.4393939,0,0,0,0,0,0,0,0,0,11.0606061,0,2.4242424,2.2727273,0,0.9848485,0.6060606,0.9848485,0.6060606,0.1515152,0.6060606,4.6212121,1.7424242,0.3030303,0.1515152
HMSP1540,Indoor air,Singapore,0,0.1977186,0.5627376,0,0,0,0,0.3802281,0.1520913,0,0,0,0,0,0,0,0,0,0,0,0,0,0,0,0,0,0,0,0,0,0.0456274,0,0,0,0.2129278,0,0,2.6920152,0,0,0,0,29.8707224,0,4.6844106,0,0,7.2091255,9.5665399,0,0,0,0,5.9923954,0,0,0,0,0,0.2585551,0.4410646,0.1825095,0,0.2129278,0,0,0,0,0,0,0,29.2927757,0,2.4334601,4.9429658,0.6692015,0,0,0,0,0,0,0,0,0,0
HMSP1541,Outdoor air,Singapore,0,0.1235658,0,0,0,0,0,0,0,0,0,0,0,0,0,0,0,0,0,0,0,0,0,0,0,0,0,0,0,0,0,0,0,0,0,0,0,2.6478376,0,0,0,0,30.4854369,0,3.9541041,0,0,6.9549868,8.7555163,0,0,0,0,5.1368049,0,0,0,0,0,0.1588703,0.1059135,0,0,0.2294793,0,0,0,0,0,0,0,29.5145631,0,1.9770521,5.2780229,0,0.1588703,4.5189762,0,0,0,0,0,0,0,0
HMSP1542,Surfaces,Singapore,0.7220796,0.4011553,2.3748395,0.449294,0,0.1765083,0,1.0911425,0.4332478,0,0.4011553,0.0962773,0.0641849,0.0160462,0,0,0,0,0,0,0,0,0,0,0,0,0,0,0,0,0.0641849,0,0,0,0,0,0,0,0,0,0,0,25.6418485,0,0,0,0,3.7708601,6.2259307,0,0,0,0,3.5943517,0,0,0,0.3690629,0.6097561,1.9736842,3.8189987,1.6367137,0,0,0,0,0,0,0,0,0,26.203466,0,3.1290116,7.605905,0,0.6418485,2.6957638,1.4762516,0.2086008,0.1283697,0.224647,0.4653402,2.9685494,0.2567394,0.0641849
HMSP1545,Indoor air,Singapore,0,0.0407042,0.3866897,0,0,0,0,0.1831688,0.1119365,0,0,0,0,0,0,0,0,0,0,0,0,0,0,0,0,0,0,0,0,0,0.1119365,0,0,0,0.1424646,0,0,1.780808,0,0,0,0,58.9600081,0,2.0555612,0,0,2.7882365,3.795665,0,0,0,0,2.6966521,0,0,0,0,0,0.1831688,0.6919711,0.1729928,0,0.1628167,0,0,0,0,0,0,0,19.8432889,0,3.0324616,2.5236593,0.3358095,0,0,0,0,0,0,0,0,0,0
HMSP1546,Outdoor air,Singapore,0,0.103584,0,0,0,0,0,0,0,0,0,0,0,0,0,0,0,0,0,0,0,0,0,0,0,0,0,0,0,0,0,0,0,0,0,0,0,1.5848353,0,0,0,0,57.8827429,0,2.2063393,0,0,3.231821,3.6047234,0,0,0,0,2.2892065,0,0,0,0,0,0.2693184,0.725088,0,0,1.4398177,0,0,0,0.0414336,0,0,0,19.6188109,0,2.9003522,2.1131137,0,0.0932256,1.8955873,0,0,0,0,0,0,0,0
HMSP1547,Surfaces,Singapore,0.4147227,0.3888025,0.622084,0.6998445,0,28.4085018,0,0.9849663,0.2592017,0,0.311042,0.0259202,3.8621047,3.4733022,0,0,0,0,0,0,0,0,0,0,0,0,0,0,0,0,0.4147227,0,0,0,0,0,0,0,0,0,0,0,16.0186625,0,0,0,0,1.3737688,2.4105754,0,0,0,0,1.3219285,0,0,0,0.155521,0.4147227,0.7516848,6.2986003,0.2592017,0,0,0,0,0,0.2592017,0,0,0,7.9315708,0,5.935718,1.2960083,0,0.622084,0.9849663,2.7216174,0.6739243,0.5961638,0.466563,0.4924832,8.5795749,0.4406428,0.1296008
HMSP1551,Indoor air,Singapore,0,0.4987531,3.2574813,0,0,0,0,1.6209476,0.5766833,0,0,0,0,0,0,0,0,0,0,0,0,0,0,0,0,0,0,0,0,0,0.1091022,0,0,0,0.0467581,0,0,2.7743142,0,0,0,0,4.5043641,0,4.457606,0,0,4.925187,7.7306733,0,0,0,0,5.0966334,0,0,0,0,0,3.9120948,9.2113466,0.5766833,0,0.2961347,0,0,0,0,0,0,0,41.8952618,0,3.3354115,4.7069825,0.467581,0,0,0,0,0,0,0,0,0,0
HMSP1552,Outdoor air,Singapore,0,0.2892031,0,0,0,0,0,0,0,0,0,0,0,0,0,0,0,0,0,0,0,0,0,0,0,0,0,0,0,0,0,0,0,0,0,0,0,1.9280206,0,0,0,0,5.1895887,0,4.964653,0,0,5.7840617,7.1336761,0,0,0,0,6.0571979,0,0,0,0,0,0.3695373,0.5302057,0,0,0.2088689,0,0,0,0.0160668,0,0,0,52.2493573,0,3.3419023,5.8001285,0,0.4659383,5.6715938,0,0,0,0,0,0,0,0
HMSP1553,Surfaces,Singapore,2.3038787,0.8165646,8.967629,1.4581511,0,0.3353747,0,6.7512394,2.9600467,0,1.8372703,0.0874891,0.0874891,0.1166521,0,0,0,0,0,0,0,0,0,0,0,0,0,0,0,0,0.3791193,0,0,0,0,0,0,0,0,0,0,0,30.3295421,0,0,0,0,2.4205308,2.6246719,0,0,0,0,1.6477107,0,0,0,0.1749781,0.3791193,4.855643,12.962963,0.9477982,0,0,0,0,0,0.1895596,0,0,0,9.4634004,0,1.6477107,1.4144065,0,0.3937008,1.341499,0.4666083,0.1895596,0.058326,0.0729076,0.5832604,1.3560805,0.1603966,0.2187227
HMSP1593,Indoor air,Singapore,0,0.2247612,0.2809515,0,0,0,0,0.5431729,0.187301,0,0,0,0,0,0,0,0,0,0,0,0,0,0,0,0,0,0,0,0,0,0.0561903,0,0,0,0.1498408,0,0,2.4911032,0,0,0,0,2.828245,0,3.6336393,0,0,5.3006181,8.4660049,0,0,0,0,6.7802959,0,0,0,0,0,2.0228507,5.7876007,1.5733283,0,0.4307923,0,0,0,0,0,0,0,46.9188987,0,5.1320472,6.9675969,0.2247612,0,0,0,0,0,0,0,0,0,0
HMSP1594,Outdoor air,Singapore,0,0.1051967,0,0,0,0,0,0,0,0,0,0,0,0,0,0,0,0,0,0,0,0,0,0,0,0,0,0,0,0,0,0,0,0,0,0,0,1.9987376,0,0,0,0,2.1670524,0,2.7351147,0,0,5.1125605,7.2375342,0,0,0,0,6.9429834,0,0,0,0,0,0.3576688,1.5358721,0,0,0.4839049,0,0,0,0.0420787,0,0,0,52.2196507,0,6.8377867,6.248685,0,0.9046918,5.0704818,0,0,0,0,0,0,0,0
HMSP1595,Surfaces,Singapore,0.6882771,0.3996448,0.777087,0.777087,0,3.9076377,0,0.7326821,0.1998224,0,0.1110124,2.7531083,1.7539964,1.5541741,0,0,0,0,0,0,0,0,0,0,0,0,0,0,0,0,0.0888099,0,0,0,0,0,0,0,0,0,0,0,6.5053286,0,0,0,0,1.7095915,2.3534636,0,0,0,0,2.3756661,0,0,0,0.4884547,0.5106572,2.2646536,9.3694494,2.1980462,0,0,0,0,0,0.0222025,0,0,0,17.6065719,0,1.7095915,3.7744227,0,0.4662522,1.5097691,1.2433393,2.3756661,1.4875666,1.9982238,18.9165187,6.8161634,0.3108348,0.2442274
HMSP1598,Indoor air,Singapore,0,0.2783362,0.8659347,0,0,0,0,0.4638936,0.2937993,0,0,0,0,0,0,0,0,0,0,0,0,0,0,0,0,0,0,0,0,0,2.3194681,0,0,0,0.0618525,0,0,0.6339879,0,0,0,0,1.0669553,0,1.1442709,0,0,2.2576156,2.7524354,0,0,0,0,1.9174269,0,0,0,0,0,23.3493119,47.6109479,1.407144,0,0.1546312,0,0,0,0,0,0,0,11.2107623,0,0.5566723,1.3916808,0.262873,0,0,0,0,0,0,0,0,0,0
HMSP1599,Outdoor air,Singapore,0,0.1581563,0,0,0,0,0,0,0,0,0,0,0,0,0,0,0,0,0,0,0,0,0,0,0,0,0,0,0,0,0,0,0,0,0,0,0,2.0786263,0,0,0,0,2.9371893,0,4.3605965,0,0,5.4676909,8.4048803,0,0,0,0,6.8459105,0,0,0,0,0,0.1129688,0.0677813,0,0,0.384094,0,0,0,0,0,0,0,50.2485314,0,6.2810664,6.4392228,0,0.9489381,5.264347,0,0,0,0,0,0,0,0
HMSP1600,Surfaces,Singapore,0.1165773,0.1865237,0.862672,0.3730473,0,13.9193285,0,0.3730473,0.2098391,0,0.1398927,1.4921893,7.530893,6.5050128,0,0,0,0,0,0,0,0,0,0,0,0,0,0,0,0,1.7486594,0,0,0,0,0,0,0,0,0,0,0,1.1890884,0,0,0,0,0.0699464,0.2797855,0,0,0,0,0.0932618,0,0,0,0.1865237,0.1165773,16.740499,36.6052693,0.7227792,0,0,0,0,0,0.5828865,0,0,0,1.0025647,0,0.0932618,0,0,3.8470506,0.1165773,0.559571,1.4455584,0.816041,1.2823502,0.1165773,0.1632082,0.2331546,0.2797855
HMSP1603,Indoor air,Singapore,0,0.7005254,4.7285464,0,0,0,0,3.6777583,1.4594279,0,0,0,0,0,0,0,0,0,0,0,0,0,0,0,0,0,0,0,0,0,0.4086398,0,0,0,0,0,0,2.1015762,0,0,0,0,0.7005254,0,3.502627,0,0,5.0788091,9.9241097,0,0,0,0,5.1955633,0,0,0,0,0,3.4442499,24.7518973,0.9340339,0,0.1751313,0,0,0,0,0,0,0,25.2189142,0,2.6269702,5.3123176,0.0583771,0,0,0,0,0,0,0,0,0,0
HMSP1604,Outdoor air,Singapore,0,0.4340487,0,0,0,0,0,0,0,0,0,0,0,0,0,0,0,0,0,0,0,0,0,0,0,0,0,0,0,0,0,0,0,0,0,0,0,1.712081,0,0,0,0,2.1943574,0,3.4482759,0,0,5.666747,8.4157222,0,0,0,0,8.0057873,0,0,0,0,0,1.6156258,1.6156258,0,0,0.6751869,0,0,0,0.1929105,0,0,0,46.4673258,0,3.9305522,7.8611044,0,0.6028454,7.1618037,0,0,0,0,0,0,0,0
HMSP1605,Surfaces,Singapore,3.0965392,1.6393443,6.9216758,2.4590164,0,2.0947177,0,7.3770492,2.276867,0,1.9125683,0.273224,0.9107468,0.273224,0,0,0,0,0,0,0,0,0,0,0,0,0,0,0,0,0.3642987,0,0,0,0,0,0,0,0,0,0,0,6.010929,0,0,0,0,2.276867,2.5500911,0,0,0,0,1.3661202,0,0,0,0.4553734,0.6375228,7.7413479,18.3060109,1.0928962,0,0,0,0,0,1.0018215,0,0,0,9.2896175,0,4.7358834,1.1839709,0,1.0928962,2.9143898,1.3661202,0.6375228,0.5464481,0.6375228,3.0965392,3.0965392,0.1821494,0.1821494
HMSP1635,Indoor air,Singapore,0,0.3687769,1.2907191,0,0,0,0,2.3970498,1.2292563,0,0,0,0,0,0,0,0,0,0,0,0,0,0,0,0,0,0,0,0,0,0.5531653,0,0,0,0.4917025,0,0,1.6287646,0,0,0,0,2.8272895,0,1.8746159,0,0,3.7799631,6.6687154,0,0,0,0,8.5433313,0,0,0,0,0,4.14874,6.637984,5.7160418,0,1.4751076,0,0,0,0,0,0,0,40.1044868,0,1.7824216,8.0208974,0.4609711,0,0,0,0,0,0,0,0,0,0
HMSP1636,Outdoor air,Singapore,0,0.3156566,0,0,0,0,0,0,0,0,0,0,0,0,0,0,0,0,0,0,0,0,0,0,0,0,0,0,0,0,0,0,0,0,0,0,0,2.020202,0,0,0,0,2.3989899,0,2.020202,0,0,6.1868687,9.0277778,0,0,0,0,10.7007576,0,0,0,0,0,2.6515152,4.5138889,0,0,2.209596,0,0,0,0.3156566,0,0,0,41.5088384,0,2.3358586,7.2285354,0,0.3472222,6.2184343,0,0,0,0,0,0,0,0
HMSP1637,Surfaces,Singapore,0.5847953,1.1695906,2.1929825,0.7309942,0,9.4054581,0,1.4132554,0.6335283,0,0.2923977,0.3898635,5.7992203,5.214425,0,0,0,0,0,0,0,0,0,0,0,0,0,0,0,0,0.3411306,0,0,0,0,0,0,0,0,0,0,0,1.4132554,0,0,0,0,0.877193,0.9746589,0,0,0,0,1.0233918,0,0,0,1.2670565,0.877193,10.6237817,15.545809,2.0955166,0,0,0,0,0,0.2923977,0,0,0,2.7290448,0,0.5360624,0.82846,0,3.8986355,1.0721248,8.4307992,3.0214425,2.6315789,3.3625731,1.754386,7.5536062,0.7309942,0.2923977
HMSP1640,Indoor air,Singapore,0,0.2315198,0.2480569,0,0,0,0,1.4883413,0.2976683,0,0,0,0,0,0,0,0,0,0,0,0,0,0,0,0,0,0,0,0,0,0.2811311,0,0,0,0.1488341,0,0,1.2072102,0,0,0,0,4.0846701,0,1.9513809,0,0,3.7043162,5.6226228,0,0,0,0,4.7626922,0,0,0,0,0,6.2344964,13.659666,1.0087647,0,0.7441707,0,0,0,0,0,0,0,45.5432446,0,2.9766827,5.5564743,0.2480569,0,0,0,0,0,0,0,0,0,0
HMSP1641,Outdoor air,Singapore,0,0.5708073,0,0,0,0,0,0,0,0,0,0,0,0,0,0,0,0,0,0,0,0,0,0,0,0,0,0,0,0,0,0,0,0,0,0,0,1.359065,0,0,0,0,3.1258494,0,1.9842348,0,0,3.2617559,4.9198152,0,0,0,0,4.4577331,0,0,0,0,0,3.5879315,8.1272085,0,0,0.8698016,0,0,0,0.0815439,0,0,0,47.2682794,0,7.447676,7.9369394,0,1.4406089,3.5607502,0,0,0,0,0,0,0,0
HMSP1642,Surfaces,Singapore,0.4329004,0.7326007,1.3653014,0.6993007,0,3.2301032,0,1.0989011,0.3996004,0,0.2997003,2.2977023,1.1988012,0.6327006,0,0,0,0,0,0,0,0,0,0,0,0,0,0,0,0,0.999001,0,0,0,0,0,0,0,0,0,0,0,3.6963037,0,0,0,0,2.0979021,2.6307026,0,0,0,0,1.964702,0,0,0,0.4329004,0.6327006,11.7216117,24.4422244,1.3320013,0,0,0,0,0,0.4995005,0,0,0,12.2211122,0,1.8981019,2.9304029,0,1.6983017,3.3633034,5.2614053,1.5318015,0.7659008,1.2987013,1.2321012,3.4299034,1.3653014,0.1665002
HMSP1645,Indoor air,Singapore,0,0.7905138,1.1857708,0,0,0,0,4.6442688,0.5434783,0,0,0,0,0,0,0,0,0,0,0,0,0,0,0,0,0,0,0,0,0,0.1482213,0,0,0,0.7411067,0,0,0.7411067,0,0,0,0,0.7411067,0,0.7905138,0,0,1.5316206,1.7786561,0,0,0,0,2.6679842,0,0,0,0,0,11.8083004,22.1343874,1.3833992,0,0.4940711,0,0,0,0,0,0,0,37.5,0,3.8537549,6.0770751,0.444664,0,0,0,0,0,0,0,0,0,0
HMSP1646,Outdoor air,Singapore,0,0.1426534,0,0,0,0,0,0,0,0,0,0,0,0,0,0,0,0,0,0,0,0,0,0,0,0,0,0,0,0,0,0,0,0,0,0,0,0.2377556,0,0,0,0,0.4755112,0,0.4279601,0,0,0.6181645,0.808369,0,0,0,0,1.2838802,0,0,0,0,0,3.9467427,18.8302425,0,0,0.4755112,0,0,0,0,0,0,0,12.6485972,0,4.3747028,4.041845,0,51.3076557,0.3804089,0,0,0,0,0,0,0,0
HMSP1647,Surfaces,Singapore,7.7922078,7.9693034,0.3541913,1.3282172,0,12.042503,0,1.2101535,1.8595041,0,0.1475797,3.3353011,2.3317591,2.2727273,0,0,0,0,0,0,0,0,0,0,0,0,0,0,0,0,0.0295159,0,0,0,0,0,0,0,0,0,0,0,0.0295159,0,0,0,0,0.1180638,0.1475797,0,0,0,0,0.2656434,0,0,0,0.2066116,0.3246753,0.8854782,6.9952774,0.5312869,0,0,0,0,0,0.0590319,0,0,0,0.5903188,0,0.6198347,0.3837072,0,0.472255,0.1475797,2.3612751,13.2231405,10.3305785,10.7733176,3.9256198,6.3459268,0.3246753,0.2656434
HMSP1655,Indoor air,Singapore,0,0.7197585,1.1144648,0,0,0,0,1.8806594,0.9751567,0,0,0,0,0,0,0,0,0,0,0,0,0,0,0,0,0,0,0,0,0,4.7596935,0,0,0,0.0696541,0,0,1.369863,0,0,0,0,1.8342234,0,1.6252612,0,0,3.2969584,3.9006269,0,0,0,0,2.1360576,0,0,0,0,0,15.8114697,35.152078,5.7348502,0,1.5788252,0,0,0,0,0,0,0,14.2326445,0,0.8590666,2.0896215,0.8590666,0,0,0,0,0,0,0,0,0,0
HMSP1656,Outdoor air,Singapore,0,3.9040452,0,0,0,0,0,0,0,0,0,0,0,0,0,0,0,0,0,0,0,0,0,0,0,0,0,0,0,0,0,0,0,0,0,0,0,2.0696143,0,0,0,0,4.3273754,0,2.7751646,0,0,8.3254939,9.7836312,0,0,0,0,4.233302,0,0,0,0,0,1.2229539,1.7403575,0,0,0.7996237,0,0,0,0.0470367,0,0,0,36.2652869,0,3.3866416,10.4891816,0,1.2699906,9.360301,0,0,0,0,0,0,0,0
HMSP1657,Surfaces,Singapore,3.2967033,1.6483516,1.0989011,6.5934066,0,0.9157509,0,9.1575092,3.8461538,0,0,0.5494505,0.1831502,0.3663004,0,0,0,0,0,0,0,0,0,0,0,0,0,0,0,0,0,0,0,0,0,0,0,0,0,0,0,0,1.0989011,0,0,0,0,0.9157509,0.7326007,0,0,0,0,0.1831502,0,0,0,0,0.5494505,8.0586081,15.018315,3.1135531,0,0,0,0,0,0.3663004,0,0,0,1.8315018,0,0.1831502,0.3663004,0,10.4395604,0.5494505,13.003663,3.2967033,2.014652,1.4652015,2.7472527,5.8608059,0.3663004,0.1831502
HMSP1669,Indoor air,Singapore,0,0.1862401,0.2738826,0,0,0,0,0.219106,0.1205083,0,0,0,0,0,0,0,0,0,0,0,0,0,0,0,0,0,0,0,0,0,0.0438212,0,0,0,0.0328659,0,0,2.1253287,0,0,0,0,29.6779141,0,2.0486415,0,0,3.9658195,4.7874671,0,0,0,0,2.8155127,0,0,0,0,0,0.3177038,0.6025416,0.0766871,0,22.283085,0,0,0,0,0,0,0,24.6275197,0,2.8374233,2.5306748,0.4272568,0,0,0,0,0,0,0,0,0,0
HMSP1670,Outdoor air,Singapore,0,0.0890208,0,0,0,0,0,0,0,0,0,0,0,0,0,0,0,0,0,0,0,0,0,0,0,0,0,0,0,0,0,0,0,0,0,0,0,2.1068249,0,0,0,0,25.1829871,0,2.1167161,0,0,3.3630069,4.0454995,0,0,0,0,2.6211672,0,0,0,0,0,0.1186944,0.2176063,0,0,30.3461919,0,0,0,0.049456,0,0,0,21.8694362,0,3.066271,2.2749753,0,0.1186944,2.413452,0,0,0,0,0,0,0,0
HMSP1671,Surfaces,Singapore,0.3910615,1.0055866,1.0614525,0.9497207,0,4.6927374,0,1.6759777,0.5586592,0,0.3910615,0.9497207,0.7821229,1.0055866,0,0,0,0,0,0,0,0,0,0,0,0,0,0,0,0,0.4469274,0,0,0,0,0,0,0,0,0,0,0,7.4301676,0,0,0,0,1.2290503,1.5083799,0,0,0,0,1.3407821,0,0,0,0.3351955,0.7821229,5.027933,9.4972067,1.0055866,0,0,0,0,0,0.6703911,0,0,0,7.4301676,0,1.7877095,1.1731844,0,4.972067,1.1173184,6.0335196,9.1061453,6.9273743,6.8715084,4.1899441,6.6480447,0.4469274,0.5586592
HMSP1679,Indoor air,Singapore,0,0.0942184,0.2055675,0,0,0,0,0.1798715,0.0856531,0,0,0,0,0,0,0,0,0,0,0,0,0,0,0,0,0,0,0,0,0,0.0171306,0,0,0,0.1027837,0,0,1.9614561,0,0,0,0,63.0920771,0,1.7730193,0,0,3.0492505,4.1713062,0,0,0,0,1.9700214,0,0,0,0,0,0.0685225,0.385439,0.0342612,0,0.1541756,0,0,0,0,0,0,0,18.5267666,0,2.2012848,1.490364,0.4368308,0,0,0,0,0,0,0,0,0,0
HMSP1680,Outdoor air,Singapore,0,0.1364629,0,0,0,0,0,0,0,0,0,0,0,0,0,0,0,0,0,0,0,0,0,0,0,0,0,0,0,0,0,0,0,0,0,0,0,1.8377001,0,0,0,0,61.6084425,0,1.8649927,0,0,3.1113537,4.6124454,0,0,0,0,2.0742358,0,0,0,0,0,0.0181951,0.2911208,0,0,0.1273654,0,0,0,0.0181951,0,0,0,18.1404658,0,2.0924309,1.6375546,0,0.4821689,1.9468705,0,0,0,0,0,0,0,0
HMSP1681,Surfaces,Singapore,0.4382441,0.1606895,1.2709079,0.211818,0,0.1387773,0,0.6500621,0.2921627,0,0.2702505,0.0365203,0.109561,0.0219122,0,0,0,0,0,0,0,0,0,0,0,0,0,0,0,0,0.0073,0,0,0,0,0,0,0,0,0,0,0,1.6799357,0,0,0,0,0.5039807,0.5843255,0,0,0,0,0.2848587,0,0,0,71.4337886,8.2024688,1.5484625,2.1766124,1.0225696,0,0,0,0,0,0.0073,0,0,0,3.4621284,0,0.2264261,0.533197,0,1.7894967,0.3359871,0.109561,0.1168651,0.0584325,0.0438244,0.2191221,0.2702505,0.2264261,1.5557666
HMSP1683,Surfaces,Singapore,0.1877347,0.2252816,0.4380476,0.175219,0,0.2503129,0,0.5381727,0.1627034,0,0.0250313,0.2252816,0.1126408,0.0750939,0,0,0,0,0,0,0,0,0,0,0,0,0,0,0,0,0.0375469,0,0,0,0,0,0,0,0,0,0,0,53.8673342,0,0,0,0,2.3404255,3.1539424,0,0,0,0,1.9774718,0,0,0,0.2252816,0.5256571,1.1889862,4.155194,0.4505632,0,0,0,0,0,0.0250313,0,0,0,13.5419274,0,3.9048811,2.1526909,0,4.3554443,1.4142678,1.5394243,0.212766,0.1251564,0.2002503,0.5381727,1.2891114,0.2753442,0.0876095
HMSP1768,Indoor air,Singapore,0,0.0426758,0.0746826,0,0,0,0,0.1173584,0.1173584,0,0,0,0,0,0,0,0,0,0,0,0,0,0,0,0,0,0,0,0,0,0.0320068,0,0,0,0.0426758,0,0,2.3044916,0,0,0,0,47.6368292,0,2.8806145,0,0,4.662328,6.4440414,0,0,0,0,3.5740958,0,0,0,0,0,0.2667236,0.8748533,0.1173584,0,0.1066894,0,0,0,0,0,0,0,25.0720154,0,2.2511469,2.7205804,0.6614744,0,0,0,0,0,0,0,0,0,0
HMSP1769,Outdoor air,Singapore,0,0.0545494,0,0,0,0,0,0,0,0,0,0,0,0,0,0,0,0,0,0,0,0,0,0,0,0,0,0,0,0,0,0,0,0,0,0,0,2.0292385,0,0,0,0,42.166703,0,2.3019856,0,0,4.71307,6.2186341,0,0,0,0,3.4802531,0,0,0,0,0,0.4036657,1.418285,0,0,0.1200087,0,0,0,0.0218198,0,0,0,28.4420685,0,2.0510583,3.2184159,0,0.098189,3.2620554,0,0,0,0,0,0,0,0
HMSP1770,Surfaces,Singapore,0.1417937,0.0708968,0.8862106,0.5671748,0,0.7444169,0,0.5671748,0.3190358,0,0.0708968,7.4441687,0.248139,0.248139,0,0,0,0,0,0,0,0,0,0,0,0,0,0,0,0,0.67352,0,0,0,0,0,0,0,0,0,0,0,3.7929812,0,0,0,0,0.248139,0.7444169,0,0,0,0,0.2126905,0,0,0,0.1417937,0.2126905,10.0319036,47.6072315,1.7724211,0,0,0,0,0,0.3544842,0,0,0,2.764977,0,1.1697979,0.4253811,0,11.0599078,0.2835874,0.7089685,0.8862106,0.67352,0.6380716,0.4962779,2.9067706,0.4253811,0.4608295
HMSP1793,Indoor air,Singapore,0,0.3365115,0.2103197,0,0,0,0,0.1402131,0.2383623,0,0,0,0,0,0,0,0,0,0,0,0,0,0,0,0,0,0,0,0,0,0.0140213,0,0,0,0.1261918,0,0,2.467751,0,0,0,0,27.0611329,0,3.0706674,0,0,5.5945036,7.6696579,0,0,0,0,5.0897364,0,0,0,0,0,0.1822771,1.2478968,0.1682557,0,0.1402131,0,0,0,0,0,0,0,36.0347729,0,3.2108805,3.9399888,3.0566461,0,0,0,0,0,0,0,0,0,0
HMSP1794,Outdoor air,Singapore,0,0.4263452,0,0,0,0,0,0,0,0,0,0,0,0,0,0,0,0,0,0,0,0,0,0,0,0,0,0,0,0,0,0,0,0,0,0,0,2.3228462,0,0,0,0,27.1390767,0,2.9550132,0,0,5.0867392,7.6595119,0,0,0,0,5.1308439,0,0,0,0,0,0.1029109,0.1764187,0,0,0.2058218,0,0,0,0,0,0,0,37.0920318,0,3.1020288,4.2046457,0,0.1911203,4.2046457,0,0,0,0,0,0,0,0
HMSP1795,Surfaces,Singapore,0.2,0.84,0.72,0.48,0,1.24,0,0.76,0.56,0,0.16,0.56,0.24,0.44,0,0,0,0,0,0,0,0,0,0,0,0,0,0,0,0,0.36,0,0,0,0,0,0,0,0,0,0,0,12,0,0,0,0,1.4,1.84,0,0,0,0,1.16,0,0,0,0.92,1.44,3.64,25.84,2.8,0,0,0,0,0,0.08,0,0,0,11.36,0,7.84,1.44,0,4.44,0.6,5.28,1.4,1.68,1.56,2.28,3.64,0.52,0.28
HMSP1803,Indoor air,Singapore,0,0.0869112,0.5736138,0,0,0,0,0.2433513,0.1912046,0,0,0,0,0,0,0,0,0,0,0,0,0,0,0,0,0,0,0,0,0,0.0347645,0,0,0,0.1390579,0,0,3.4938293,0,0,0,0,15.3311316,0,4.5367634,0,0,6.1706936,9.4211716,0,0,0,0,5.3537285,0,0,0,0,0,3.841474,4.7801147,0.6431427,0,0.2259691,0,0,0,0,0,0,0,36.3114897,0,3.615505,4.5715279,0.4345559,0,0,0,0,0,0,0,0,0,0
HMSP1804,Outdoor air,Singapore,0,0.0854457,0,0,0,0,0,0,0,0,0,0,0,0,0,0,0,0,0,0,0,0,0,0,0,0,0,0,0,0,0,0,0,0,0,0,0,3.4320706,0,0,0,0,15.5368841,0,3.987468,0,0,6.2660211,8.3309598,0,0,0,0,5.9954429,0,0,0,0,0,0.2705782,0.3845058,0,0,0.2705782,0,0,0,0,0,0,0,40.8145827,0,4.5001424,5.4685275,0,0.2136144,4.4431786,0,0,0,0,0,0,0,0
HMSP1805,Surfaces,Singapore,0.0514801,0.2059202,0.8494208,0.2574003,0,0.4633205,0,0.5662806,0.1801802,0,0.1801802,0.1029601,0.02574,0.0514801,0,0,0,0,0,0,0,0,0,0,0,0,0,0,0,0,0.2574003,0,0,0,0,0,0,0,0,0,0,0,35.4697555,0,0,0,0,2.7541828,3.963964,0,0,0,0,2.4710425,0,0,0,0.2316602,0.6435006,5.019305,13.2046332,0.6435006,0,0,0,0,0,0.1544402,0,0,0,14.6975547,0,7.2072072,2.5997426,0,1.3384813,2.5482625,0.8236808,0.2059202,0.2316602,0.3346203,0.3346203,1.4671815,0.2316602,0.2316602
HMSP1831,Indoor air,Singapore,0,0.4216524,0.2735043,0,0,0,0,0.3190883,0.1253561,0,0,0,0,0,0,0,0,0,0,0,0,0,0,0,0,0,0,0,0,0,0.022792,0,0,0,0.0683761,0,0,3.9202279,0,0,0,0,52.2165242,0,3.1908832,0,0,4.5128205,5.9145299,0,0,0,0,2.951567,0,0,0,0,0,0.0911681,0.7407407,0.1025641,0,1.9145299,0,0,0,0,0,0,0,16.3076923,0,3.7834758,2.7008547,0.4216524,0,0,0,0,0,0,0,0,0,0
HMSP1832,Outdoor air,Singapore,0,0.5700764,0,0,0,0,0,0,0,0,0,0,0,0,0,0,0,0,0,0,0,0,0,0,0,0,0,0,0,0,0,0,0,0,0,0,0,4.7649779,0,0,0,0,50.7798214,0,2.7213079,0,0,3.8614607,5.2920297,0,0,0,0,2.8181134,0,0,0,0,0,0.0968054,0.1183177,0,0,4.1196085,0,0,0,0.0322685,0,0,0,15.2952565,0,4.4422932,2.4308917,0,0.1505862,2.5061848,0,0,0,0,0,0,0,0
HMSP1833,Surfaces,Singapore,0.089537,0.063955,0.3965208,0.1918649,0,0.115119,0,0.2814019,0.115119,0,0.102328,0.025582,0.038373,0.063955,0,0,0,0,0,0,0,0,0,0,0,0,0,0,0,0,0.038373,0,0,0,0,0,0,0,0,0,0,0,52.9675109,0,0,0,0,4.0419545,4.7454592,0,0,0,0,3.4024047,0,0,0,0.1407009,0.5883858,0.1534919,0.5244308,0.063955,0,0,0,0,0,0.063955,0,0,0,21.4504988,0,2.6989,2.762855,0,0.1918649,2.2000512,0.5116398,0.102328,0.115119,0.076746,0.12791,1.2535175,0.2430289,0.051164
HMSP1836,Indoor air,Singapore,0,0.0945307,0.7967589,0,0,0,0,0.3916273,0.4996624,0,0,0,0,0,0,0,0,0,0,0,0,0,0,0,0,0,0,0,0,0,0.3646185,0,0,0,0.1080351,0,0,3.2950709,0,0,0,0,53.5584065,0,3.1870358,0,0,5.0236327,6.4415935,0,0,0,0,3.0654963,0,0,0,0,0,1.0398379,2.7683997,0.1890614,0,0.3916273,0,0,0,0,0,0,0,13.7339635,0,2.5928427,1.9581364,0.4996624,0,0,0,0,0,0,0,0,0,0
HMSP1837,Outdoor air,Singapore,0,0.1963865,0,0,0,0,0,0,0,0,0,0,0,0,0,0,0,0,0,0,0,0,0,0,0,0,0,0,0,0,0,0,0,0,0,0,0,3.1290914,0,0,0,0,57.6590731,0,2.8672427,0,0,4.0324692,5.7737628,0,0,0,0,3.1290914,0,0,0,0,0,0.0523697,0.1047395,0,0,0.4713276,0,0,0,0,0,0,0,14.6635245,0,2.9457973,1.8853103,0,0.1440168,2.9457973,0,0,0,0,0,0,0,0
HMSP1838,Surfaces,Singapore,1.1363636,0.7575758,0.5050505,0.8838384,0,0.2525253,0,3.0723906,1.1784512,0,0.0841751,0.1683502,0.4208754,0.1683502,0,0,0,0,0,0,0,0,0,0,0,0,0,0,0,0,4.6717172,0,0,0,0,0,0,0,0,0,0,0,0.2104377,0,0,0,0,0.1683502,0.1262626,0,0,0,0,0.2104377,0,0,0,56.3552189,4.1666667,0.2104377,0.3787879,0.0841751,0,0,0,0,0,7.0286195,0,0,0,0.7154882,0,0.6734007,0.2104377,0,3.8299663,0.2946128,4.0824916,0.8417508,0.3787879,0.5892256,2.3989899,3.1144781,0.2946128,0.3367003
HMSP1869,Indoor air,Singapore,0,0.1014327,0.0507164,0,0,0,0,0.3169773,0.1014327,0,0,0,0,0,0,0,0,0,0,0,0,0,0,0,0,0,0,0,0,0,0.0126791,0,0,0,0.1901864,0,0,1.9525802,0,0,0,0,56.6628629,0,2.3583111,0,0,4.2855332,5.5661215,0,0,0,0,3.7783695,0,0,0,0,0,0.1141118,0.4310891,0.1775073,0,0.1521491,0,0,0,0,0,0,0,18.5368328,0,2.0032966,2.3456321,0.8621783,0,0,0,0,0,0,0,0,0,0
HMSP1870,Outdoor air,Singapore,0,0.1546449,0,0,0,0,0,0,0,0,0,0,0,0,0,0,0,0,0,0,0,0,0,0,0,0,0,0,0,0,0,0,0,0,0,0,0,1.6237711,0,0,0,0,58.3121617,0,2.3969955,0,0,4.0428587,5.0701425,0,0,0,0,2.8940683,0,0,0,0,0,0.0773224,0.1435988,0,0,0.2209212,0,0,0,0,0,0,0,17.5963769,0,1.5464487,2.5405943,0,0.1988291,3.1812659,0,0,0,0,0,0,0,0
HMSP1874,Indoor air,Singapore,0,0.1743328,0.0670511,0,0,0,0,0.1743328,0.1072817,0,0,0,0,0,0,0,0,0,0,0,0,0,0,0,0,0,0,0,0,0,0.1341022,0,0,0,0.2413839,0,0,1.7969693,0,0,0,0,49.6714496,0,2.883197,0,0,4.6265254,6.503956,0,0,0,0,4.3717313,0,0,0,0,0,0.4157168,0.4827679,0.2682044,0,0.1341022,0,0,0,0,0,0,0,21.4563497,0,2.0919941,3.1782218,1.2203299,0,0,0,0,0,0,0,0,0,0
HMSP1875,Outdoor air,Singapore,0,0.1023541,0,0,0,0,0,0,0,0,0,0,0,0,0,0,0,0,0,0,0,0,0,0,0,0,0,0,0,0,0,0,0,0,0,0,0,1.7144319,0,0,0,0,50.4094166,0,2.5716479,0,0,4.3756397,5.6934493,0,0,0,0,3.4800409,0,0,0,0,0,2.290174,4.388434,0,0,0.2302968,0,0,0,0.0895599,0,0,0,17.1443193,0,1.9959058,2.1622313,0,0.2047083,3.14739,0,0,0,0,0,0,0,0
HMSP1876,Surfaces,Singapore,0.1379905,0.1034929,0.1466149,0.232859,0,0.0689953,0,0.4225959,0.1552393,0,0.043122,0.00862,0,0.0258732,0,0,0,0,0,0,0,0,0,0,0,0,0,0,0,0,0.2156102,0,0,0,0,0,0,0,0,0,0,0,0.1638637,0,0,0,0,0.1121173,0.0603708,0,0,0,0,0.0689953,0,0,0,90.211298,2.0267357,0.6554549,1.4057784,0.4570936,0,0,0,0,0,0.00862,0,0,0,0.3880983,0,0.1552393,0.0603708,0,0.7503234,0.1379905,0.6209573,0.0603708,0.1466149,0.1034929,0.232859,0.3622251,0.0603708,0.189737
HMSP1879,Indoor air,Singapore,0,0.2854764,1.0824313,0,0,0,0,1.0229571,0.6542167,0,0,0,0,0,0,0,0,0,0,0,0,0,0,0,0,0,0,0,0,0,0.1189485,0,0,0,0.2260021,0,0,0.9040086,0,0,0,0,72.72511,0,0.7850601,0,0,1.6652789,2.2362317,0,0,0,0,1.5225407,0,0,0,0,0,1.8080171,2.688236,0.3330558,0,0.2616867,0,0,0,0,0,0,0,8.4096586,0,1.0586416,1.4392768,0.7731652,0,0,0,0,0,0,0,0,0,0
HMSP1880,Outdoor air,Singapore,0,0.1307531,0,0,0,0,0,0,0,0,0,0,0,0,0,0,0,0,0,0,0,0,0,0,0,0,0,0,0,0,0,0,0,0,0,0,0,0.8237448,0,0,0,0,81.3938285,0,0.7452929,0,0,1.5167364,2.3143305,0,0,0,0,1.6082636,0,0,0,0,0,0.3791841,0.4314854,0,0,0.2222803,0,0,0,0.0392259,0,0,0,6.5507322,0,0.9414226,0.9937238,0,0.6014644,1.3075314,0,0,0,0,0,0,0,0
HMSP1881,Surfaces,Singapore,0.7434197,0.4219409,2.7928471,1.084991,0,0.66305,0,1.4064698,0.9845288,0,0.6429576,0.140647,0.281294,0.140647,0,0,0,0,0,0,0,0,0,0,0,0,0,0,0,0,0.6429576,0,0,0,0,0,0,0,0,0,0,0,37.4522805,0,0,0,0,3.2549729,4.822182,0,0,0,0,3.074141,0,0,0,0.6228652,0.4822182,2.9937713,4.4806108,0.3415712,0,0,0,0,0,0.4621258,0,0,0,20.5344585,0,1.8083183,2.5115531,0,0.4018485,3.8376532,0.8237894,0.2009243,0.1205546,0.1205546,0.5224031,0.7434197,0.3616637,0.0803697
HMSP1883,Surfaces,Singapore,0.8554913,0.3468208,3.2138728,0.716763,0,0.2312139,0,1.3641618,0.6011561,0,0.5549133,0.3930636,0.0462428,0.1849711,0,0,0,0,0,0,0,0,0,0,0,0,0,0,0,0,1.3179191,0,0,0,0,0,0,0,0,0,0,0,44.3468208,0,0,0,0,0.6011561,0.6473988,0,0,0,0,0.8323699,0,0,0,0.300578,0.2543353,12.7630058,17.6647399,0.9710983,0,0,0,0,0,0.5549133,0,0,0,4.0462428,0,0.6705202,0.716763,0,0.2080925,0.716763,0.8092486,0.3699422,0.3699422,0.4855491,1.1560694,1.3179191,0.1156069,0.2543353
HMSP1885,Indoor air,Singapore,0,0.2083844,0.784506,0,0,0,0,0.7599902,0.3432214,0,0,0,0,0,0,0,0,0,0,0,0,0,0,0,0,0,0,0,0,0,2.1451336,0,0,0,0.257416,0,0,0.7109586,0,0,0,0,74.7732287,0,0.8825693,0,0,1.311596,2.1941652,0,0,0,0,1.2870802,0,0,0,0,0,1.2870802,1.3606276,1.1277274,0,0.3187056,0,0,0,0,0,0,0,7.0850699,0,1.1890169,1.3851434,0.5883795,0,0,0,0,0,0,0,0,0,0
HMSP1886,Outdoor air,Singapore,0,0.231892,0,0,0,0,0,0,0,0,0,0,0,0,0,0,0,0,0,0,0,0,0,0,0,0,0,0,0,0,0,0,0,0,0,0,0,0.9139272,0,0,0,0,74.4509617,0,1.2685855,0,0,1.473196,2.4007639,0,0,0,0,1.8824171,0,0,0,0,0,1.3504297,0.7638794,0,0,0.600191,0,0,0,0.0954849,0,0,0,8.8255354,0,1.6368845,1.5823216,0,0.8866458,1.6368845,0,0,0,0,0,0,0,0
HMSP1887,Surfaces,Singapore,0.374933,0.2321014,1.0176754,0.2499554,0,0.1428316,0,0.6784503,0.4642028,0,0.1428316,0.1428316,0.0535619,0.0357079,0,0,0,0,0,0,0,0,0,0,0,0,0,0,0,0,5.6597036,0,0,0,0,0,0,0,0,0,0,0,36.600607,0,0,0,0,3.1958579,4.713444,0,0,0,0,3.6957686,0,0,0,0.3392251,0.5534726,3.535083,5.4633101,2.6245313,0,0,0,0,0,0.2499554,0,0,0,17.1576504,0,2.0710587,2.749509,0,0.374933,4.6420282,0.4284949,0.1071237,0.0357079,0.1071237,0.4284949,0.9284056,0.6427424,0.1606856
HMSP1890,Indoor air,Singapore,0,0.4603683,0.3402722,0,0,0,0,0.4603683,0.1401121,0,0,0,0,0,0,0,0,0,0,0,0,0,0,0,0,0,0,0,0,0,0.1200961,0,0,0,0.2602082,0,0,2.3819055,0,0,0,0,2.6821457,0,4.1633307,0,0,6.4051241,9.6277022,0,0,0,0,6.6253002,0,0,0,0,0,1.1609287,3.2626101,0.6204964,0,0.2001601,0,0,0,0,0,0,0,49.959968,0,3.082466,6.4451561,1.601281,0,0,0,0,0,0,0,0,0,0
HMSP1891,Outdoor air,Singapore,0,0.3530633,0,0,0,0,0,0,0,0,0,0,0,0,0,0,0,0,0,0,0,0,0,0,0,0,0,0,0,0,0,0,0,0,0,0,0,2.2429907,0,0,0,0,2.8660436,0,3.8421599,0,0,6.3966771,8.556594,0,0,0,0,6.8328141,0,0,0,0,0,0.9761163,1.2045691,0,0,0.4361371,0,0,0,0,0,0,0,49.1796469,0,2.6375909,6.6043614,0,0.1869159,7.6843198,0,0,0,0,0,0,0,0
HMSP1892,Surfaces,Singapore,0.2550298,0.4817229,0.4250496,0.2833664,0,0.9351091,0,0.9351091,0.6800793,0,0.1416832,0.3400397,0.311703,0.1983565,0,0,0,0,0,0,0,0,0,0,0,0,0,0,0,0,0.4250496,0,0,0,0,0,0,0,0,0,0,0,25.5879853,0,0,0,0,4.3921791,5.6956645,0,0,0,0,4.2788325,0,0,0,0.4250496,1.3884953,2.2385945,5.1289317,0.4817229,0,0,0,0,0,0.0566733,0,0,0,21.0824596,0,8.0476056,3.3437234,0,0.311703,3.6837631,1.7568716,0.7367526,0.6800793,0.708416,1.0767923,2.4652876,0.6800793,0.3400397
HMSP195,Indoor air,Singapore,0,0.2090488,1.2841571,0,0,0,0,0.6570106,0.2090488,0,0,0,0,0,0,0,0,0,0,0,0,0,0,0,0,0,0,0,0,0,0.0298641,0,0,0,0.1642527,0,0,2.8072271,0,0,0,0,5.2411528,0,4.3750933,0,0,7.7497387,11.0347917,0,0,0,0,7.824399,0,0,0,0,0,0.2837091,1.5529341,0.1045244,0,0.1343885,0,0,0,0,0,0,0,45.8115574,0,3.2999851,6.9135434,0.3135732,0,0,0,0,0,0,0,0,0,0
HMSP196,Outdoor air,Singapore,0,0.1256983,0,0,0,0,0,0,0,0,0,0,0,0,0,0,0,0,0,0,0,0,0,0,0,0,0,0,0,0,0,0,0,0,0,0,0,2.3324022,0,0,0,0,4.6787709,0,3.7709497,0,0,7.3882682,11.4385475,0,0,0,0,8.6871508,0,0,0,0,0,0.0837989,0.2094972,0,0,0.1256983,0,0,0,0.0418994,0,0,0,44.4413408,0,3.4217877,7.9469274,0,0.1815642,5.1256983,0,0,0,0,0,0,0,0
HMSP198,Surfaces,Singapore,0.7636431,0.5215124,2.4399329,0.5773887,0,0.1862544,0,1.601788,0.5215124,0,0.3166325,0.1117527,0.1303781,0,0,0,0,0,0,0,0,0,0,0,0,0,0,0,0,0,0.1117527,0,0,0,0,0,0,0,0,0,0,0,19.5939654,0,0,0,0,5.1219966,6.1650214,0,0,0,0,4.5632334,0,0,0,0.1862544,0.7822686,1.2292792,8.6608307,0.2607562,0,0,0,0,0,0.0372509,0,0,0,23.915068,0,4.6191097,7.6550568,0,0.3166325,3.0173217,1.8439188,0.2048799,0.2235053,0.1862544,0.4842615,3.408456,0.167629,0.0745018
HSCA115,Indoor air,Vancouver,0.1056412,0.2324107,0.169026,0.1267695,0.169026,3.5072892,0.2112825,0.1267695,0,0.084513,0,0,0,0,0.9296429,0.084513,0.6972322,0.5493345,0.2324107,0.0422565,0.7394887,0.2324107,0.253539,0.1056412,0.1267695,0.422565,2.9156983,0.2746672,0.1478977,0.0211282,1.6268751,0.0211282,0.0211282,0,0.0211282,0.1478977,0.0211282,0.3591802,0.2324107,0,0.3169237,0.1901542,1.1831819,0.2324107,0.9296429,0.422565,0.4014367,1.0352842,0.7606169,0.0633847,0.338052,0.1267695,0.1901542,15.6982886,11.0923304,7.2469892,0.169026,0.1267695,0.1901542,12.3811536,18.8886541,12.8037186,0.0633847,0.0422565,0.1478977,0,0,0,0,0,0,0,0,0,0,0,0,0,0,0,0,0,0,0,0,0
HSCA116,Outdoor air,Vancouver,0.0827643,0.5172771,0.6414235,0.2069108,0.1241465,3.4140286,0.248293,0.1655287,0,0.1448376,0,0,0,0,0.5793503,0.1448376,0.8897165,0.5172771,0.0827643,0.0620732,0.6414235,0.1448376,0.8069522,0.1655287,0.1241465,0.0827643,2.8139872,0.4138216,0.1241465,0.0413822,0.1655287,0.0827643,0.0413822,0.0206911,0.0206911,0,0.0620732,0.4345127,0.2689841,0,0.2276019,0.1862197,1.1380095,0.1862197,0.7241879,0.3724395,0.3103662,1.2000828,0.8483344,0.2689841,0.4758949,0.0620732,0.1448376,17.9598593,10.6765984,7.6143182,0.4138216,0.2276019,0.5172771,11.1111111,18.4771364,12.1042831,0.1241465,0.1241465,0.2276019,0,0,0,0,0,0,0,0,0,0,0,0,0,0,0,0,0,0,0,0,0
HSCA126,Indoor air,Vancouver,0.2563091,0.1577287,1.0843849,0.3351735,0.1380126,0.0985804,0.216877,0.5126183,0,0.6900631,0,0,0,0,1.2223975,0.1774448,2.3659306,1.6167192,0.7886435,0.1380126,0.4929022,0.1774448,0.3746057,0.5323344,1.2421136,0.3154574,0.887224,0.0197161,0.6506309,0.9463722,0.9069401,1.9321767,0,0.1971609,0.1380126,0.1380126,0.4140379,0.2760252,0.2563091,0,0.1577287,0.1380126,0.216877,0.0591483,0.45347,0.216877,0.1774448,1.2618297,0.5520505,0.0394322,0.2957413,0.0591483,0.0197161,3.5291798,3.7263407,2.8194006,0.3351735,0.7492114,0.6309148,8.2807571,42.3501577,10.6664038,0.2563091,2.8391167,0.4731861,0,0,0,0,0,0,0,0,0,0,0,0,0,0,0,0,0,0,0,0,0
HSCA127,Outdoor air,Vancouver,0.4153686,0.623053,0.8307373,0.8307373,0.623053,0.1038422,0.4153686,0.8307373,0,0.9345794,0,0,0,0,5.815161,0.8307373,10.4880582,9.6573209,5.3997923,0.7268951,1.6614746,1.1422638,1.2461059,4.6728972,1.5576324,0.8307373,2.0768432,0.4153686,2.3883697,2.596054,0.3115265,0.2076843,0.1038422,0.3115265,0.623053,1.2461059,2.0768432,0.7268951,0.623053,0,0.8307373,0.623053,0.2076843,0.3115265,0.5192108,0.5192108,0.3115265,2.6998962,1.2461059,0,0.7268951,0,0,4.0498442,6.1266874,2.8037383,0.7268951,2.596054,2.1806854,0.1038422,0,0.2076843,1.4537902,0.623053,7.788162,0,0,0,0,0,0,0,0,0,0,0,0,0,0,0,0,0,0,0,0,0
HSCA142,Indoor air,Vancouver,0.4403004,0.4921005,0.9065009,0.3367003,0.3626004,0.2590003,0.4144004,0.984201,0,0.7770008,0,0,0,0,1.8648019,0.2072002,1.4245014,0.9065009,0.5957006,0.2072002,0.3367003,0.1813002,0.2331002,0.5439005,1.6058016,0.5698006,1.2950013,0.1036001,1.4763015,2.4087024,0.2590003,0.0518001,0.0259,0.1554002,0.2331002,0.4662005,0.1036001,1.0878011,1.1914012,0,0.6216006,0.5180005,0.7770008,0.4403004,1.6576017,1.2691013,1.3209013,2.8749029,1.994302,0.1554002,1.2173012,0.1036001,0.0777001,12.2766123,12.6133126,17.042217,0.4144004,0.6475006,0.3367003,6.7599068,9.2204092,3.4188034,0.1036001,1.3727014,0.2590003,0,0,0,0,0,0,0,0,0,0,0,0,0,0,0,0,0,0,0,0,0
HSCA143,Outdoor air,Vancouver,0.383016,0.4705625,0.7550886,0.4049026,0.3611293,0.1313198,0.1641497,0.6565988,0,0.6347122,0,0,0,0,0.4486759,0.1313198,0.7879186,0.6347122,0.1532064,0.0984898,0.4377325,0.175093,0.175093,0.1860363,1.5758372,0.4486759,0.6347122,0.0875465,1.1271613,0.9739549,0.0437733,0,0.0766032,0.1094331,0.1532064,0.207923,0.0875465,1.1599912,1.3022543,0,0.7879186,0.7222587,0.8645218,0.4815058,2.3090392,1.6086671,1.2365944,4.3663821,2.615452,0.4705625,1.7947034,0.1532064,0.1313198,22.1273802,21.9632305,19.3587218,0.1860363,0.6128256,0.4486759,0.6018822,0.6675421,0.1969796,0.1203764,0.766032,0.2298096,0,0,0,0,0,0,0,0,0,0,0,0,0,0,0,0,0,0,0,0,0
HSCA145,Surfaces,Vancouver,0,0,0,0,0,0,0,0,0,0,0,0,0,0,7.6277651,0,0,0,0,0,0.6864989,0.1525553,0.5339436,0,0,0,0,0,0,2.6697178,0,0,0,0,0,0,0,0,0,0,0,0,0,0,0,0,0,0,0,0,0,0,0,1.2967201,2.1357742,5.3394355,0,0,0,41.495042,38.0625477,0,0,0,0,0,0,0,0,0,0,0,0,0,0,0,0,0,0,0,0,0,0,0,0,0
HSCA15,Indoor air,Vancouver,0.052126,0.0595726,0.104252,0.1936108,0.0893589,0.0446794,0.0893589,0.1265917,0,0.1638246,0,0,0,0,1.1467719,0.2680766,1.9584481,1.422295,0.208504,0.2457368,0.6552982,0.1340383,0.3946683,0.1265917,0.4393477,0.156378,0.156378,0.0223397,0.3723285,3.8796634,0.0148931,0.00745,0,0.0223397,0.104252,0.0968054,0.052126,1.5488867,1.1244322,0,0.6999777,6.3742647,0.3797751,0.6106188,1.2957033,1.1244322,0.6106188,8.0422965,2.3233301,0.6776379,2.3680095,0.0595726,0.0297863,1.8541961,37.3743391,1.5414402,3.4998883,0.7669968,0.3946683,6.3370318,7.4986969,0.1787177,0.0744657,0.2531834,0.1489314,0,0,0,0,0,0,0,0,0,0,0,0,0,0,0,0,0,0,0,0,0
HSCA16,Outdoor air,Vancouver,0.1127502,0.1409377,0.1503336,0.2630837,0.1033543,0.0751668,0.1033543,0.1597294,0,0.1597294,0,0,0,0,1.0241473,0.2348962,1.4093771,1.1275016,0.2255003,0.3946256,1.287231,0.3006671,0.4791882,0.1503336,0.4228131,0.1691252,0.1691252,0,0.4603965,5.9475712,0.0094,0.0469792,0.0187917,0.0563751,0.0751668,0.0845626,0.122146,1.8509819,2.1046697,0,0.920793,3.072442,0.7516678,1.1181058,2.3395659,1.4845438,1.0335432,6.8683642,3.8898807,1.2496477,2.9409001,0.1315419,0.0751668,2.2550033,44.6960443,2.0388988,3.3449215,0.7516678,0.7704595,0.1033543,0.0563751,0.0845626,0.1785211,0.244292,0.1597294,0,0,0,0,0,0,0,0,0,0,0,0,0,0,0,0,0,0,0,0,0
HSCA18,Surfaces,Vancouver,0,0,0,0,0,0,0,0,0,0,0,0,0,0,30.3994083,0,0,0,0,0,3.6242604,1.4792899,1.183432,0,0,0,0,0,0,13.0177515,0,0,0,0,0,0,0,0,0,0,0,0,0,0,0,0,0,0,0,0,0,0,0,3.4763314,23.2248521,7.3964497,0,0,0,5.3254438,10.8727811,0,0,0,0,0,0,0,0,0,0,0,0,0,0,0,0,0,0,0,0,0,0,0,0,0
HSCA3,Indoor air,Vancouver,0.0679232,0.0339616,0.1018849,0.3735779,0.0679232,0.0169808,0.0509424,0.1018849,0,0.1528273,0,0,0,0,2.0886398,0.0509424,0.5943284,0.62829,0.4754627,0.1358465,0.3735779,0.3226354,0.2377314,0.2377314,0.1358465,0.1358465,0.271693,0.0679232,0.6452708,1.7829852,0.1018849,0,0.0509424,0.0509424,0.1528273,0.1358465,0.1188657,2.6999491,2.343352,0,1.986755,1.7660044,1.9018509,1.4943114,4.3470878,2.5471218,1.7660044,6.1470538,5.2131092,1.7829852,3.0056037,0.1528273,0.2547122,13.1261674,8.9998302,19.3920869,1.8678893,0.3735779,0.6113092,3.7018169,3.5999321,0.2547122,0.0679232,0.543386,0.2886738,0,0,0,0,0,0,0,0,0,0,0,0,0,0,0,0,0,0,0,0,0
HSCA34,Indoor air,Vancouver,0.1311475,0.1748634,0.0874317,0.2404372,0.1530055,0.0655738,0.2185792,0.4590164,0,22.7978142,0,0,0,0,1.9672131,0.0655738,0.6994536,0.4808743,0.4590164,0.1311475,0.5027322,0.1311475,0.1748634,0.3060109,0.6557377,0.2185792,0.3060109,0.0437158,1.136612,2.295082,0.0437158,0.0218579,0.1311475,0.0655738,0.0655738,0.3497268,0.2404372,0.7650273,0.9398907,0,0.852459,0.4590164,0.3060109,0.5027322,1.420765,1.136612,0.7431694,2.1202186,1.6830601,0.1967213,1.2021858,0.1311475,0.0437158,9.0491803,6.2513661,24.9398907,0.284153,0.5464481,0.6775956,2.2076503,8.1530055,0.0655738,0.1748634,0.1530055,0.1748634,0,0,0,0,0,0,0,0,0,0,0,0,0,0,0,0,0,0,0,0,0
HSCA35,Outdoor air,Vancouver,0.072338,0.072338,0.1157407,0.2025463,0.0868056,0.1302083,0.0289352,0.2314815,0,0.1880787,0,0,0,0,1.0416667,0.1591435,0.8246528,0.9982639,0.5931713,0.1880787,0.2025463,0.0868056,0.0868056,0.5208333,0.3472222,0.0578704,0.318287,0.0144676,1.6203704,7.5376157,0.0434028,0.0578704,0,0.0578704,0.072338,0.5353009,0.318287,1.2586806,1.4178241,0.0144676,1.1140046,0.8825231,0.9693287,0.5787037,2.3003472,1.4756944,1.1429398,2.2135417,2.271412,0.6944444,1.2297454,0.1446759,0.072338,7.8414352,7.2337963,47.6417824,0.318287,0.5642361,1.0706019,0.1012731,0.0578704,0.072338,0.0144676,0.1591435,0.3327546,0,0,0,0,0,0,0,0,0,0,0,0,0,0,0,0,0,0,0,0,0
HSCA4,Outdoor air,Vancouver,0.0696088,0.055687,0.0139218,0.2645134,0.0974523,0.0835306,0.0278435,0.1252958,0,0.1113741,0,0,0,0,0.3202005,0.1113741,0.4315746,0.2784352,0.0835306,0.0974523,0.2088264,0.1252958,0.0696088,0.0974523,0.3062787,0.0417653,0.1113741,0.055687,0.9884449,4.4131978,0,0.0278435,0.0278435,0.0696088,0.0974523,0.2784352,0.1113741,2.9096478,3.4108311,0.0278435,2.7843519,2.3249339,2.1021857,1.6706112,4.7890853,3.4386746,2.6172908,5.9724349,5.4851733,1.6845329,3.1323959,0.2784352,0.1392176,7.9910901,14.2280384,23.0961994,0.8353056,0.3758875,0.751775,0.0139218,0.055687,0.1113741,0.0696088,0.1949046,0.3062787,0,0,0,0,0,0,0,0,0,0,0,0,0,0,0,0,0,0,0,0,0
HSCA41,Indoor air,Vancouver,0.0463607,0.0231803,0,0.1970329,0.0579509,0.1043115,0.0231803,0.0463607,0,0.1043115,0,0,0,0,0.2665739,0.0231803,0.1274919,0.069541,0.069541,0.0231803,0.0231803,0.0231803,0.0463607,0.0347705,0.0811312,0.0231803,0.1274919,0,0.2549838,0.0927214,0.3824757,0.0579509,0,0.0463607,0,0.0463607,0.0811312,3.0713955,3.1641168,0.0463607,1.3444599,2.0862309,1.8428373,1.1706073,4.8446917,3.106166,2.3991655,4.0217895,4.9374131,2.6425591,2.2484933,0.1970329,0.336115,27.8164117,7.1859064,16.7362077,0.3013445,0.3824757,0.7765415,0.741771,5.2387575,0.2665739,0.1274919,0.2086231,0.2549838,0,0,0,0,0,0,0,0,0,0,0,0,0,0,0,0,0,0,0,0,0
HSCA42,Outdoor air,Vancouver,0.00928,0.0278526,0.0185684,0.0928419,0.0464209,0.0278526,0.0464209,0.0649893,0,0.0649893,0,0,0,0,0.1856838,0.0464209,0.1206945,0.2042522,0.2321047,0.0742735,0.0742735,0.0649893,0.0278526,0.0928419,0.0742735,0.0371368,0.1299786,0,0.7241667,0.5941881,0.00928,0.0185684,0.0185684,0.0371368,0.0557051,0.1671154,0.0928419,2.0239532,2.4510259,0.0278526,1.2162288,2.2467737,1.8754062,0.881998,2.7574041,2.0518058,1.7547117,3.2216136,3.6208337,2.9245195,1.8382694,0.2878099,0.343515,21.4928976,14.8175657,28.5767338,0.2785257,0.3806518,0.6313249,0.0742735,0.0742735,0.1392628,0.0835577,0.2321047,0.2135363,0,0,0,0,0,0,0,0,0,0,0,0,0,0,0,0,0,0,0,0,0
HSCA56,Indoor air,Vancouver,0.0636862,0.331168,0.1273723,0.2165329,0.0382117,0.0254745,0.0254745,0.0891606,0,0.0636862,0,0,0,0,0.6113871,0.0254745,0.165584,0.165584,0.0891606,0.0764234,1.6940517,0.2037957,0.3821169,0.0764234,0.1018978,0.0636862,0.1018978,0.0127372,0.6368615,0.1910585,0.0254745,0,0.0382117,0.0764234,0.165584,0.1018978,0.0636862,4.5599287,5.3241625,0.0509489,3.2479939,2.7385046,3.1333588,2.4200739,7.5786524,3.8848554,3.2989428,8.1263533,6.9290536,2.5856579,3.7447459,0.1910585,0.2037957,6.3940899,19.0548975,6.9672653,0.4840148,0.6113871,0.6750732,0.1528468,0.5859126,0.1528468,0.0891606,0.4458031,0.3184308,0,0,0,0,0,0,0,0,0,0,0,0,0,0,0,0,0,0,0,0,0
HSCA57,Outdoor air,Vancouver,0.0147384,0.7221813,0.3684598,0.2063375,0.0589536,0.0147384,0.0589536,0.2210759,0,0.0442152,0,0,0,0,1.0022108,0.1031688,0.3831982,0.3537214,0.1326455,0.1768607,4.6131172,0.7811349,0.6042741,0.1031688,0.1768607,0,0.1473839,0,0.560059,2.2254974,0.0147384,0.0147384,0,0.0442152,0.0147384,0.1179071,0.0589536,2.2991894,3.9646279,0.0442152,3.3456153,1.4443626,1.3411938,1.5770081,6.2785556,2.5497421,2.0633751,5.0405306,4.9963154,2.0781135,2.8592483,0.2800295,0.1031688,4.9226234,30.4937362,6.4996315,1.1348563,0.2947679,0.6190125,0.073692,0.1179071,0.0884304,1.2380251,0.560059,0.3537214,0,0,0,0,0,0,0,0,0,0,0,0,0,0,0,0,0,0,0,0,0
HSCA65,Indoor air,Vancouver,0.0475172,0.0475172,0.2851033,0.1306724,0.0712758,0.0356379,0.0118793,0.0950344,0,0.0475172,0,0,0,0,0.6652411,0.0237586,0.3563792,0.1306724,0.0712758,0.1187931,5.3100499,0.3682585,0.7959135,0.1069138,0.273224,0.1187931,0.0950344,0.0118793,0.3444999,0.1663103,0.0237586,0.0237586,0.0118793,0.0237586,0.0118793,0.0831551,0.0475172,2.3639819,2.9817059,0.0475172,4.0864813,1.1285341,1.6631029,1.2473272,4.537895,2.3045854,1.9363269,4.6448087,4.8942742,1.6631029,2.6253267,0.154431,0.2138275,16.1320979,14.195771,14.3383226,1.2710858,0.308862,0.6889998,1.009741,4.1696365,0.6533618,0.4157757,0.1781896,0.1900689,0,0,0,0,0,0,0,0,0,0,0,0,0,0,0,0,0,0,0,0,0
HSCA66,Outdoor air,Vancouver,0.0415225,0.0415225,0.6089965,0.2076125,0.1245675,0.0553633,0.0276817,0.16609,0,0.0692042,0,0,0,0,1.467128,0.0968858,0.5536332,0.3321799,0.1107266,0.3460208,11.1695502,0.8858131,2.5467128,0.0968858,0.0968858,0.0415225,0.16609,0.0138408,0.3875433,0.6089965,0.0138408,0.0276817,0,0.0692042,0.0692042,0.083045,0.1799308,2.2145329,3.0588235,0.0553633,6.7681661,1.2871972,1.0519031,1.2318339,3.9446367,1.7301038,1.6608997,3.2525952,3.5570934,1.1903114,2.0346021,0.2076125,0.0968858,7.8200692,17.550173,15.7231834,2.3529412,0.2352941,0.6089965,0.0415225,0.0968858,0.0968858,1.0519031,0.16609,0.2076125,0,0,0,0,0,0,0,0,0,0,0,0,0,0,0,0,0,0,0,0,0
HSCA7,Surfaces,Vancouver,0,0,0,0,0,0,0,0,0,0,0,0,0,0,32.7927928,0,0,0,0,0,1.2612613,5.6756757,5.3153153,0,0,0,0,0,0,7.9279279,0,0,0,0,0,0,0,0,0,0,0,0,0,0,0,0,0,0,0,0,0,0,0,9.7297297,18.8288288,4.6846847,0,0,0,4.8648649,8.9189189,0,0,0,0,0,0,0,0,0,0,0,0,0,0,0,0,0,0,0,0,0,0,0,0,0
HSCA74,Indoor air,Vancouver,0.0724848,0.1449696,0.8553204,0.1449696,0.1739635,0.2029574,0.0724848,1.2757321,0,0.1159756,0,0,0,0,1.2902291,0.0434909,0.637866,0.4204117,0.2464482,0.2899391,5.3348797,0.637866,0.7828356,0.0579878,0.1014787,0.1159756,0.1884604,0,0.8408234,0.33343,0.2174543,0.0289939,0.0434909,0.1159756,0.0724848,0.2174543,0.2029574,1.8266164,2.1600464,0,1.1742534,0.7828356,1.1452595,0.8263265,3.0443607,1.4641925,1.2467382,3.0443607,3.5082633,0.7828356,1.6671499,0.0289939,0.0434909,15.0623369,15.1203247,18.3386489,1.8556103,0.2899391,0.6088721,3.3198028,6.4801392,0.4783995,0.1594665,0.1014787,0.1594665,0,0,0,0,0,0,0,0,0,0,0,0,0,0,0,0,0,0,0,0,0
HSCA75,Outdoor air,Vancouver,0.0857339,0.0685871,0.9773663,0.1886145,0.0171468,0.1200274,0.0171468,0.8230453,0,0.2572016,0,0,0,0,1.2174211,0.0685871,0.4801097,0.5658436,0.4115226,0.2229081,6.0185185,0.617284,0.617284,0.1028807,0.2057613,0.0685871,0.1371742,0.0685871,0.6515775,0.617284,0.3257888,0.0514403,0.0171468,0.0685871,0.1028807,0.1886145,0.1028807,1.8175583,1.9375857,0,1.3203018,0.8916324,1.148834,1.0802469,2.9663923,1.9547325,1.0973937,3.0006859,3.2407407,0.5144033,1.7146776,0.0685871,0.0685871,15.0205761,15.0034294,18.5013717,2.0576132,0.2572016,0.5486968,3.0864198,6.361454,0.4115226,0.1371742,0.1371742,0.1714678,0,0,0,0,0,0,0,0,0,0,0,0,0,0,0,0,0,0,0,0,0
HSCA88,Indoor air,Vancouver,0.3787879,0.3030303,1.2121212,0.1515152,0.1515152,0.0757576,0.0757576,0.530303,0,0.2272727,0,0,0,0,1.5909091,0.1515152,2.5,2.7272727,1.2121212,0.6060606,1.4393939,0.3030303,0.4545455,1.5151515,0.3030303,0.2272727,0.8333333,0,0,1.0606061,0.3030303,0.0757576,0,0.0757576,0.1515152,0.3787879,1.5909091,0.0757576,0.3787879,0,0.3030303,0.6060606,0.3787879,0,0.6060606,0,0.2272727,0.6818182,0.530303,0.1515152,0.0757576,0,0,1.0606061,3.1060606,2.1212121,1.2121212,2.5757576,2.2727273,31.5909091,22.9545455,6.969697,0.3030303,0.8333333,0.3787879,0,0,0,0,0,0,0,0,0,0,0,0,0,0,0,0,0,0,0,0,0
HSCA89,Outdoor air,Vancouver,0.2403846,0.2403846,1.6826923,0.8012821,0.3205128,0.4807692,0.400641,0.4807692,0,0.4807692,0,0,0,0,3.7660256,0.2403846,5.2083333,4.0064103,2.2435897,0.4807692,1.6025641,0.400641,0.7211538,3.2051282,1.1217949,0.3205128,1.4423077,0,0.7211538,2.6442308,1.3621795,0.1602564,0,0.1602564,0.0801282,0.8012821,5.6891026,0.2403846,0.4807692,0,0.4807692,0.7211538,0.400641,0.8814103,0.7211538,0.1602564,0.5608974,0.1602564,0.3205128,0.1602564,0.3205128,0.0801282,0,2.1634615,7.0512821,3.525641,1.2820513,3.3653846,5.9294872,14.7435897,10.9775641,2.0032051,0.400641,0.6410256,0.7211538,0,0,0,0,0,0,0,0,0,0,0,0,0,0,0,0,0,0,0,0,0
HSCA90,Surfaces,Vancouver,0,0,0,0,0,0,0,0,0,0,0,0,0,0,16.2127108,0,0,0,0,0,11.0894942,2.464332,5.0583658,0,0,0,0,0,0,4.3450065,0,0,0,0,0,0,0,0,0,0,0,0,0,0,0,0,0,0,0,0,0,0,0,7.457847,19.7146563,19.7795071,0,0,0,9.7924773,4.0856031,0,0,0,0,0,0,0,0,0,0,0,0,0,0,0,0,0,0,0,0,0,0,0,0,0
HSCA91,Surfaces,Vancouver,0,0,0,0,0,0,0,0,0,0,0,0,0,0,9.042077,0,0,0,0,0,10.87735,2.0590868,4.1629364,0,0,0,0,0,0,3.6705461,0,0,0,0,0,0,0,0,0,0,0,0,0,0,0,0,0,0,0,0,0,0,0,9.4449418,24.8880931,20.5908684,0,0,0,10.6535363,4.610564,0,0,0,0,0,0,0,0,0,0,0,0,0,0,0,0,0,0,0,0,0,0,0,0,0
HSCA92,Surfaces,Vancouver,0,0,0,0,0,0,0,0,0,0,0,0,0,0,5.5555556,0,0,0,0,0,5.5882353,0.8496732,2.4509804,0,0,0,0,0,0,3.0392157,0,0,0,0,0,0,0,0,0,0,0,0,0,0,0,0,0,0,0,0,0,0,0,8.6928105,33.496732,20.9803922,0,0,0,14.6732026,4.6732026,0,0,0,0,0,0,0,0,0,0,0,0,0,0,0,0,0,0,0,0,0,0,0,0,0
HSCA95,Indoor air,Vancouver,0.0154416,0.0257361,0.097797,0.0669137,0.0205888,0.0205888,0.0257361,0.0463249,0,0.0772082,0,0,0,0,0.097797,0.0102944,0.0566193,0.0617665,0.0463249,0.0360305,0.0823554,0.0463249,0.0205888,0.0360305,0.0411777,0.0154416,0.0823554,0.00515,0.1904468,0.1338275,0.0102944,0.0102944,0.0205888,0.0154416,0.0360305,0.0926498,0.0360305,0.7206094,0.8904674,0.0205888,0.5301627,0.4529545,2.4037472,0.4272184,1.2559193,1.2816553,0.6897262,1.6059296,2.033148,0.7309039,0.9007618,0.0720609,0.3088326,51.2713609,2.7280214,28.1295038,0.097797,0.1750051,0.3088326,0.3705991,0.7463455,0.0514721,0.0360305,0.0669137,0.1132386,0,0,0,0,0,0,0,0,0,0,0,0,0,0,0,0,0,0,0,0,0
HSCA96,Outdoor air,Vancouver,0.0217092,0.0217092,0.3907663,0.1013098,0.0289457,0.0144728,0.0434185,0.0506549,0,0.0506549,0,0,0,0,0.3256386,0.0361821,0.2026196,0.1881468,0.1447283,0.1085462,0.1447283,0.1085462,0.0361821,0.0434185,0.0361821,0.0144728,0.086837,0,0.4558941,0.4776033,0.00724,0.00724,0.0144728,0.086837,0.0289457,0.3907663,0.0578913,1.0926985,0.9913887,0.0144728,0.6078587,0.9045517,3.307041,0.5137854,1.5703018,1.1867718,0.9769158,1.6643751,2.3228888,1.2518996,1.0058615,0.2532745,0.419712,39.2503075,2.4893263,35.0387148,0.2460381,0.2460381,0.4269484,0.0217092,0.0578913,0.0506549,0.0434185,0.123019,0.1953832,0,0,0,0,0,0,0,0,0,0,0,0,0,0,0,0,0,0,0,0,0
HSCA97,Surfaces,Vancouver,0,0,0,0,0,0,0,0,0,0,0,0,0,0,1.1674118,0,0,0,0,0,0.496771,0.2483855,0.2980626,0,0,0,0,0,0,1.2170889,0,0,0,0,0,0,0,0,0,0,0,0,0,0,0,0,0,0,0,0,0,0,0,41.95231,2.6577248,39.7665176,0,0,0,3.6264282,8.5692996,0,0,0,0,0,0,0,0,0,0,0,0,0,0,0,0,0,0,0,0,0,0,0,0,0